-- phpMyAdmin SQL Dump
-- version 4.8.3
-- https://www.phpmyadmin.net/
--
-- Host: localhost:3306
-- Generation Time: Nov 29, 2018 at 12:17 AM
-- Server version: 5.6.41
-- PHP Version: 7.2.7

SET SQL_MODE = "NO_AUTO_VALUE_ON_ZERO";
SET AUTOCOMMIT = 0;
START TRANSACTION;
SET time_zone = "+00:00";


/*!40101 SET @OLD_CHARACTER_SET_CLIENT=@@CHARACTER_SET_CLIENT */;
/*!40101 SET @OLD_CHARACTER_SET_RESULTS=@@CHARACTER_SET_RESULTS */;
/*!40101 SET @OLD_COLLATION_CONNECTION=@@COLLATION_CONNECTION */;
/*!40101 SET NAMES utf8mb4 */;

--
-- Database: `mydoctor_docteranduser`
--

-- --------------------------------------------------------

--
-- Table structure for table `bookings`
--

CREATE TABLE `bookings` (
  `id` int(11) NOT NULL,
  `firstname` varchar(500) NOT NULL,
  `lastname` varchar(500) NOT NULL,
  `email` varchar(500) NOT NULL,
  `phone` varchar(500) NOT NULL,
  `age` varchar(100) NOT NULL,
  `gender` varchar(250) NOT NULL,
  `apdate` varchar(250) NOT NULL,
  `aptime` varchar(250) NOT NULL,
  `doctor_id` varchar(250) NOT NULL,
  `created_at` timestamp NOT NULL DEFAULT CURRENT_TIMESTAMP ON UPDATE CURRENT_TIMESTAMP,
  `updated_at` timestamp NOT NULL DEFAULT '0000-00-00 00:00:00'
) ENGINE=MyISAM DEFAULT CHARSET=latin1;

--
-- Dumping data for table `bookings`
--

INSERT INTO `bookings` (`id`, `firstname`, `lastname`, `email`, `phone`, `age`, `gender`, `apdate`, `aptime`, `doctor_id`, `created_at`, `updated_at`) VALUES
(83, 'Rajeev', 'Kumar', 'rajeev@gmail.com', '552635785', '23', 'Male', '1/12/2018', '15:30', '120', '2018-11-28 16:53:14', '2018-11-28 16:53:14'),
(82, 'Rajeev', 'Kumar', 'rajeev@gmail.com', '552696969', '25', 'Male', '28/11/2018', '14:00', '122', '2018-11-26 22:45:18', '2018-11-26 22:45:18'),
(81, 'Rajeev', 'Kumar', 'rajeev@gmail.com', '552696969', '25', 'Male', '26/11/2018', '21:05', '122', '2018-11-26 22:29:24', '2018-11-26 22:29:24'),
(80, 'Rajeev', 'Kumar', 'rajeev@gmail.com', '552696969', '25', 'Male', '26/11/2018', '20:55', '122', '2018-11-26 22:24:05', '2018-11-26 22:24:05'),
(79, 'rah', 'kumart', 'rajeev@gmail.com', '554782145', '2', 'Male', '26/11/2018', '07:18 PM', '123', '2018-11-26 20:48:16', '2018-11-26 20:48:16'),
(78, 'dscdscdscfvfdvdfv', 'dfvdfvdfv', 'rajeev@gmail.com', '552147896', '25', 'Male', '26/11/2018', '07:17 PM', '123', '2018-11-26 20:47:22', '2018-11-26 20:47:22'),
(77, 'Nikhil', 'Ahluwalia', 'nikhil.ahluwalia@mobulous.com', '552696353', '24', 'Male', '23/11/2018', '01:05', '105', '2018-11-23 14:30:10', '2018-11-23 14:30:10'),
(76, 'Nikhil', 'Ahluwalia', 'nikhil.ahluwalia@mobulous.com', '552612345', '25', 'Male', '23/11/2018', '01:01 PM', '121', '2018-11-23 14:27:21', '2018-11-23 14:27:21'),
(75, 'Rajeev', 'kumar', 'rajeev@gmail.com', '552696969', '25', 'Male', '23/11/2018', '01:00 PM', '121', '2018-11-23 14:25:07', '2018-11-23 14:25:07'),
(74, 'Rajeev', 'Kumar', 'rajeev@gmail.com', '552696969', '24', 'Male', '30/11/2018', '12:45', '105', '2018-11-26 09:19:43', '2018-11-23 14:06:11'),
(73, 'Rajeev', 'Kumar', 'rajeev@gmail.com', '552645678', '27', 'Male', '28/11/2018', '10:30', '105', '2018-11-26 09:25:58', '2018-11-23 13:52:44'),
(72, 'Rajeev', 'Kumar', 'rajeev@gmail.com', '552696963', '25', 'Male', '25/11/2018', '11:00', '105', '2018-11-23 13:51:25', '2018-11-23 13:51:25'),
(71, 'Nikhil', 'Ahluwalia', 'nikhil.ahluwalia@mobulous.com', '552612345', '25', 'Male', '23/11/2018', '12:35 PM', '121', '2018-11-23 13:51:06', '2018-11-23 13:51:06'),
(70, 'Rajeev', 'Kumar', 'rajeev@gmail.com', '552696969', '25', 'Male', '23/11/2018', '12:30', '105', '2018-11-23 13:50:18', '2018-11-23 13:50:18'),
(67, 'Rajeev', 'Kumar', 'rajeev@gmail.com', '552696969', '25', 'Male', '21/11/2018', '16:58', '105', '2018-11-21 18:26:45', '2018-11-21 18:26:45'),
(68, 'Rajeev', 'Kumar', 'rajeev@gmail.com', '551236547', '25', 'Male', '21/11/2018', '06:45 PM', '119', '2018-11-21 20:09:55', '2018-11-21 20:09:55'),
(69, 'Rounaque', 'Afreen', 'nikhil.ahluwalia@mobulous.com', '552612365', '25', 'Female', '22/11/2018', '17:45', '121', '2018-11-22 19:01:52', '2018-11-22 19:01:52'),
(63, 'Rajeev', 'Kumar', 'rajeev@gmail.com', '559639639', '25', 'male', '2018-11-02', '8PM', '80', '2018-10-31 19:21:07', '2018-10-31 19:21:07'),
(64, 'TEST RAJEEV', 'KUMAR', 'rajeev@gmail.com', '559696936', '18', 'male', '2018-11-02', '10am', '80', '2018-10-31 22:15:42', '2018-10-31 22:15:42');

-- --------------------------------------------------------

--
-- Table structure for table `cancellations`
--

CREATE TABLE `cancellations` (
  `id` int(11) NOT NULL,
  `user_id` varchar(500) NOT NULL,
  `doctor_id` varchar(500) NOT NULL,
  `reason_id` varchar(500) NOT NULL,
  `created_at` timestamp NOT NULL DEFAULT CURRENT_TIMESTAMP ON UPDATE CURRENT_TIMESTAMP,
  `updated_at` timestamp NOT NULL DEFAULT '0000-00-00 00:00:00'
) ENGINE=MyISAM DEFAULT CHARSET=latin1;

--
-- Dumping data for table `cancellations`
--

INSERT INTO `cancellations` (`id`, `user_id`, `doctor_id`, `reason_id`, `created_at`, `updated_at`) VALUES
(1, '27', '24', '3', '2018-09-18 00:46:01', '2018-09-18 00:46:01'),
(2, '23', '19', '9', '2018-10-18 16:25:39', '2018-10-18 16:25:39'),
(3, '23', '105', '12', '2018-11-21 19:29:03', '2018-11-21 19:29:03'),
(4, '48', '121', '7', '2018-11-23 13:27:32', '2018-11-23 13:27:32'),
(5, '23', '105', '9', '2018-11-23 14:08:24', '2018-11-23 14:08:24'),
(6, '23', '120', '8', '2018-11-28 16:46:52', '2018-11-28 16:46:52'),
(7, '51', '105', '7', '2018-11-28 20:40:19', '2018-11-28 20:40:19');

-- --------------------------------------------------------

--
-- Table structure for table `chats`
--

CREATE TABLE `chats` (
  `id` int(11) NOT NULL,
  `user_id` varchar(500) NOT NULL,
  `doctor_id` varchar(500) NOT NULL,
  `msg` varchar(1000) NOT NULL,
  `msg_from` varchar(500) NOT NULL,
  `created_at` timestamp NOT NULL DEFAULT CURRENT_TIMESTAMP ON UPDATE CURRENT_TIMESTAMP,
  `updated_at` timestamp NOT NULL DEFAULT '0000-00-00 00:00:00'
) ENGINE=MyISAM DEFAULT CHARSET=latin1;

--
-- Dumping data for table `chats`
--

INSERT INTO `chats` (`id`, `user_id`, `doctor_id`, `msg`, `msg_from`, `created_at`, `updated_at`) VALUES
(1, '2', '1', 'hello', 'user_2', '2018-09-10 13:37:07', '2018-09-10 13:37:07'),
(2, '2', '1', 'hello', 'doctor_1', '2018-09-10 13:38:52', '2018-09-10 13:38:52'),
(3, '2', '1', 'how are you', 'doctor_1', '2018-09-10 16:26:34', '2018-09-10 16:26:34'),
(4, '2', '1', 'how are you', 'doctor_1', '2018-09-10 16:27:05', '2018-09-10 16:27:05'),
(5, '2', '1', 'how are you', 'doctor_1', '2018-09-10 17:07:33', '2018-09-10 17:07:33'),
(6, '7', '11', 'Hey Doc..', 'user_7', '2018-09-11 13:17:22', '2018-09-11 13:17:22'),
(7, '22', '1', 'hie garima', 'user_22', '2018-09-11 18:27:30', '2018-09-11 18:27:30'),
(8, '22', '1', 'hello', 'user_22', '2018-09-11 18:31:05', '2018-09-11 18:31:05'),
(9, '22', '1', 'hello hi', 'user_22', '2018-09-12 13:33:15', '2018-09-12 13:33:15'),
(10, '23', '11', 'Hey Doc..', 'user_23', '2018-09-12 14:11:50', '2018-09-12 14:11:50'),
(11, '23', '11', 'Hey 5555..', 'user_23', '2018-09-12 14:17:16', '2018-09-12 14:17:16'),
(12, '23', '11', 'Hey 5555..', 'user_23', '2018-09-12 15:56:39', '2018-09-12 15:56:39'),
(13, '23', '11', 'test it..', 'user_23', '2018-09-12 16:23:02', '2018-09-12 16:23:02'),
(14, '23', '11', 'now', 'user_23', '2018-09-12 16:23:06', '2018-09-12 16:23:06'),
(15, '23', '11', '?', 'user_23', '2018-09-12 16:23:30', '2018-09-12 16:23:30'),
(16, '23', '11', 'Hey 5555..', 'doctor_11', '2018-09-12 16:24:35', '2018-09-12 16:24:35'),
(17, '23', '11', 'dhdhdh', 'user_23', '2018-09-12 16:29:16', '2018-09-12 16:29:16'),
(18, '23', '11', 'teatnsnsjsjjsjs\nsmskjskskakakakmakakaksjsjhshshshshshshshhs\ntesting testing...', 'user_23', '2018-09-12 16:31:09', '2018-09-12 16:31:09'),
(19, '23', '11', 'test', 'user_23', '2018-09-12 16:31:14', '2018-09-12 16:31:14'),
(20, '23', '13', 'hi', 'user_23', '2018-09-12 16:31:45', '2018-09-12 16:31:45'),
(21, '23', '19', 'hii...', 'user_23', '2018-09-12 16:43:09', '2018-09-12 16:43:09'),
(22, '23', '15', 'hii...', 'user_23', '2018-09-12 16:50:44', '2018-09-12 16:50:44'),
(23, '23', '11', 'hii... user', 'doctor_11', '2018-09-12 16:55:28', '2018-09-12 16:55:28'),
(24, '23', '11', 'hey check..', 'user_23', '2018-09-12 16:56:46', '2018-09-12 16:56:46'),
(25, '23', '11', 'huuuuchkchhc', 'user_23', '2018-09-12 16:57:18', '2018-09-12 16:57:18'),
(26, '23', '15', 'chgcghgh', 'doctor_15', '2018-09-12 16:58:13', '2018-09-12 16:58:13'),
(27, '23', '15', 'helloncjkdfnjnfivndfinvinvirnvitnvirtbnviutnivnrtivnrtinvirtnvirtnirtvrtvrtbrtbrtbrt', 'doctor_15', '2018-09-12 17:02:32', '2018-09-12 17:02:32'),
(28, '23', '15', 'herudhvdenviudenvbedbebdfbewifbewibejbcewbciewbiw3bfewbfiuwbfiubwfibewifbewibfiewbfewbdibewdibwibdiqwbdiqwbdibqwdjbewfubewbvewjcb ejwhbc jehwb fhjewbfuewbfuybewfubewfbewfbewbfewnfkihnqwiufhnikqwbncikwncoiewnfloenwolfnewkdnkejwbndcewbcjewbcjewbcjbewghfb ehjr', 'doctor_15', '2018-09-12 17:02:53', '2018-09-12 17:02:53'),
(29, '23', '15', 'ghfhbjkbhjvjhvghvghvghvhjvjhbvjbjbjhbjhbvjhvncvhgchgcg gfc gfc fig gfc gfc bcc hvbc ghcghcghcvghvhgv ngcvhgcjcvvjvjhbjknjkmv kin kfj Jeff if jkf I’d fjrnvijernviernfioerfniernfiuernfiern fiuernfguiernfubenrfguberuyfberuy', 'doctor_15', '2018-09-12 17:03:11', '2018-09-12 17:03:11'),
(30, '23', '11', 'tgrtgrtgrt', 'doctor_11', '2018-09-12 17:04:07', '2018-09-12 17:04:07'),
(31, '23', '11', 'ok', 'user_23', '2018-09-12 17:05:11', '2018-09-12 17:05:11'),
(32, '23', '13', 'hhhhh', 'user_23', '2018-09-12 17:05:19', '2018-09-12 17:05:19'),
(33, '23', '15', 'hiiiiiiii', 'user_23', '2018-09-12 17:05:28', '2018-09-12 17:05:28'),
(34, '23', '11', 'vfvvf', 'doctor_11', '2018-09-12 17:07:41', '2018-09-12 17:07:41'),
(35, '23', '11', 'huuuy', 'doctor_11', '2018-09-12 17:29:36', '2018-09-12 17:29:36'),
(36, '23', '11', 'cxvdsvdsvdescv', 'doctor_11', '2018-09-12 18:05:24', '2018-09-12 18:05:24'),
(37, '22', '13', 'dcd', 'user_22', '2018-09-12 18:17:31', '2018-09-12 18:17:31'),
(38, '23', '11', 'fdsfsdfs', 'doctor_11', '2018-09-14 18:24:03', '2018-09-14 18:24:03'),
(39, '23', '15', 'hoxbdobdobdkdb ji dkkdnkdbkdbodbkd\nbdkdbJdbod\nndmldndnldbkd\nbdlbdKdbKdbJdbid\nbdlbdKdbKdbJdbid\ndnldnkdnodnod', 'user_23', '2018-09-17 17:58:53', '2018-09-17 17:58:53'),
(40, '27', '24', 'hiiii manik', 'user_27', '2018-09-18 00:40:39', '2018-09-18 00:40:39'),
(41, '27', '24', 'what\'s up bro', 'user_27', '2018-09-18 00:41:27', '2018-09-18 00:41:27'),
(42, '27', '24', 'is everything ok', 'user_27', '2018-09-18 00:41:33', '2018-09-18 00:41:33'),
(43, '27', '24', 'ya.... abuslutly', 'doctor_24', '2018-09-18 00:42:36', '2018-09-18 00:42:36'),
(44, '27', '24', 'I say dear', 'doctor_24', '2018-09-18 00:42:41', '2018-09-18 00:42:41'),
(45, '23', '11', 'hiii', 'user_23', '2018-09-18 21:05:04', '2018-09-18 21:05:04'),
(46, '23', '11', 'hihi', 'doctor_11', '2018-09-19 17:16:45', '2018-09-19 17:16:45'),
(47, '23', '15', 'heyy', 'user_23', '2018-09-20 20:52:35', '2018-09-20 20:52:35'),
(48, '23', '11', 'hi..', 'doctor_11', '2018-09-20 20:55:13', '2018-09-20 20:55:13'),
(49, '23', '11', 'play', 'doctor_11', '2018-09-21 12:51:55', '2018-09-21 12:51:55'),
(50, '23', '11', 'heyy', 'doctor_11', '2018-09-21 13:10:48', '2018-09-21 13:10:48'),
(51, '23', '11', 'mobulous technology', 'doctor_11', '2018-09-21 13:11:03', '2018-09-21 13:11:03'),
(52, '23', '11', 'testingssnjjkssks\nnsjsjssjsksksksks', 'doctor_11', '2018-09-21 13:11:24', '2018-09-21 13:11:24'),
(53, '23', '11', 'testng .. 123', 'doctor_11', '2018-09-21 13:12:27', '2018-09-21 13:12:27'),
(54, '23', '11', 'hii doc...', 'user_23', '2018-09-25 16:35:43', '2018-09-25 16:35:43'),
(55, '23', '11', 'i ddd', 'user_23', '2018-09-25 16:36:38', '2018-09-25 16:36:38'),
(56, '23', '11', 'hhhh', 'user_23', '2018-09-25 16:37:34', '2018-09-25 16:37:34'),
(57, '23', '11', 'hhh', 'user_23', '2018-09-25 16:38:04', '2018-09-25 16:38:04'),
(58, '23', '11', 'ggggg', 'user_23', '2018-09-25 16:38:31', '2018-09-25 16:38:31'),
(59, '23', '11', 'heyy', 'user_23', '2018-09-25 16:39:16', '2018-09-25 16:39:16'),
(60, '23', '11', 'hiii dre..', 'doctor_11', '2018-09-25 18:35:44', '2018-09-25 18:35:44'),
(61, '23', '11', 'jj', 'doctor_11', '2018-09-25 18:35:51', '2018-09-25 18:35:51'),
(62, '23', '11', 'iiii', 'user_23', '2018-09-25 18:36:30', '2018-09-25 18:36:30'),
(63, '23', '11', 'hi rajeev', 'doctor_11', '2018-09-25 18:37:23', '2018-09-25 18:37:23'),
(64, '23', '11', 'hii docc', 'user_23', '2018-09-25 18:38:02', '2018-09-25 18:38:02'),
(65, '23', '11', 'hii dre', 'user_23', '2018-09-25 18:38:16', '2018-09-25 18:38:16'),
(66, '23', '11', 'hi dr', 'user_23', '2018-09-25 18:38:49', '2018-09-25 18:38:49'),
(67, '23', '11', 'hii', 'user_23', '2018-09-25 21:10:43', '2018-09-25 21:10:43'),
(68, '23', '11', 'heyy', 'user_23', '2018-09-25 21:10:47', '2018-09-25 21:10:47'),
(69, '23', '11', 'joooo', 'doctor_11', '2018-09-25 21:10:55', '2018-09-25 21:10:55'),
(70, '23', '11', 'his user', 'doctor_11', '2018-09-25 21:12:01', '2018-09-25 21:12:01'),
(71, '23', '11', 'go uset', 'doctor_11', '2018-09-25 21:16:13', '2018-09-25 21:16:13'),
(72, '23', '11', 'hiii', 'user_23', '2018-09-25 21:16:26', '2018-09-25 21:16:26'),
(73, '23', '11', 'hooo', 'doctor_11', '2018-09-25 21:16:38', '2018-09-25 21:16:38'),
(74, '23', '11', 'jjj', 'doctor_11', '2018-09-25 21:16:42', '2018-09-25 21:16:42'),
(75, '23', '11', 'xhdhdj', 'user_23', '2018-09-25 21:16:45', '2018-09-25 21:16:45'),
(76, '23', '11', 'jjjf', 'user_23', '2018-09-25 21:16:56', '2018-09-25 21:16:56'),
(77, '31', '11', 'hi..', 'user_31', '2018-09-26 16:09:27', '2018-09-26 16:09:27'),
(78, '31', '11', 'heyy', 'doctor_11', '2018-09-26 20:59:59', '2018-09-26 20:59:59'),
(79, '23', '11', 'hi', 'user_23', '2018-09-27 15:49:15', '2018-09-27 15:49:15'),
(80, '23', '11', 'sdfdsf', 'doctor_11', '2018-09-27 15:49:42', '2018-09-27 15:49:42'),
(81, '23', '11', 'hiii', 'user_23', '2018-09-27 15:49:50', '2018-09-27 15:49:50'),
(82, '23', '11', 'oops', 'user_23', '2018-09-27 15:50:09', '2018-09-27 15:50:09'),
(83, '23', '11', 'hsjsjsjssksks\ndjdjjdjskslsgskbslavslsvaakavslahsjsakkss\nsskjsjsjsskhsksbss', 'user_23', '2018-09-27 15:50:45', '2018-09-27 15:50:45'),
(84, '23', '11', 'mobulous technology', 'user_23', '2018-09-27 15:52:09', '2018-09-27 15:52:09'),
(85, '23', '11', 'zbhzzvvzhajjVzvzhsnzbvzzbbzzhzvvzvzvvzvz. DJs shahs. shah GS shahs shdggd', 'doctor_11', '2018-09-27 16:09:01', '2018-09-27 16:09:01'),
(86, '23', '11', 'heyy', 'doctor_11', '2018-09-27 21:20:38', '2018-09-27 21:20:38'),
(87, '23', '11', 'hiii', 'user_23', '2018-09-28 19:39:22', '2018-09-28 19:39:22'),
(88, '23', '11', 'kl', 'doctor_11', '2018-09-29 16:39:57', '2018-09-29 16:39:57'),
(89, '23', '11', 'batman', 'doctor_11', '2018-10-03 14:16:17', '2018-10-03 14:16:17'),
(90, '23', '11', 'jjj', 'user_23', '2018-10-03 14:16:28', '2018-10-03 14:16:28'),
(91, '23', '11', 'hhhh', 'doctor_11', '2018-10-03 14:16:48', '2018-10-03 14:16:48'),
(92, '23', '11', 'batman', 'doctor_11', '2018-10-03 14:21:48', '2018-10-03 14:21:48'),
(93, '23', '11', 'ghj', 'doctor_11', '2018-10-03 14:22:13', '2018-10-03 14:22:13'),
(94, '23', '11', 'xggg', 'doctor_11', '2018-10-04 15:09:58', '2018-10-04 15:09:58'),
(95, '23', '11', 'ggg', 'doctor_11', '2018-10-04 15:10:09', '2018-10-04 15:10:09'),
(96, '23', '11', 'ass', 'doctor_11', '2018-10-04 15:10:37', '2018-10-04 15:10:37'),
(97, '23', '11', 'hhhjkfhadafaaczc', 'doctor_11', '2018-10-04 15:10:46', '2018-10-04 15:10:46'),
(98, '23', '11', 'xhxh', 'doctor_11', '2018-10-04 15:11:00', '2018-10-04 15:11:00'),
(99, '23', '11', 'jjj', 'user_23', '2018-10-04 15:11:11', '2018-10-04 15:11:11'),
(100, '23', '11', 'fgg', 'doctor_11', '2018-10-04 15:14:20', '2018-10-04 15:14:20'),
(101, '23', '11', 'xx', 'doctor_11', '2018-10-04 15:14:46', '2018-10-04 15:14:46'),
(102, '23', '11', 'hii', 'user_23', '2018-10-04 15:15:07', '2018-10-04 15:15:07'),
(103, '23', '15', 'hii', 'user_23', '2018-10-04 15:21:11', '2018-10-04 15:21:11'),
(104, '23', '11', 'android', 'user_23', '2018-10-04 18:19:45', '2018-10-04 18:19:45'),
(105, '23', '11', 'hii', 'doctor_11', '2018-10-05 19:53:58', '2018-10-05 19:53:58'),
(106, '22', '15', 'dfdsfdf', 'user_22', '2018-10-11 19:29:53', '2018-10-11 19:29:53'),
(107, '22', '15', 'dfdsfdf', 'user_22', '2018-10-11 19:35:19', '2018-10-11 19:35:19'),
(108, '22', '15', 'dfdsfdf', 'user_22', '2018-10-11 19:36:55', '2018-10-11 19:36:55'),
(109, '22', '15', 'dfdsfdf', 'user_22', '2018-10-11 19:38:04', '2018-10-11 19:38:04'),
(110, '22', '15', 'dfdsfdf', 'user_22', '2018-10-11 19:40:44', '2018-10-11 19:40:44'),
(111, '22', '15', 'dfdsfdf', 'user_22', '2018-10-11 19:45:35', '2018-10-11 19:45:35'),
(112, '22', '15', 'dfdsfdf', 'user_22', '2018-10-11 19:49:48', '2018-10-11 19:49:48'),
(113, '22', '15', 'dfdsfdf', 'user_22', '2018-10-11 20:53:31', '2018-10-11 20:53:31'),
(114, '23', '11', 'heyy', 'user_23', '2018-10-12 12:53:21', '2018-10-12 12:53:21'),
(115, '23', '11', 'hiii', 'doctor_11', '2018-10-12 14:19:41', '2018-10-12 14:19:41'),
(116, '23', '11', 'heyy', 'doctor_11', '2018-10-12 14:20:08', '2018-10-12 14:20:08'),
(117, '23', '11', 'heuuu', 'doctor_11', '2018-10-12 14:20:22', '2018-10-12 14:20:22'),
(118, '23', '11', 'jc', 'user_23', '2018-10-12 14:20:26', '2018-10-12 14:20:26'),
(119, '23', '11', 'cvv', 'user_23', '2018-10-12 14:20:29', '2018-10-12 14:20:29'),
(120, '23', '11', 'jh', 'doctor_11', '2018-10-12 14:20:34', '2018-10-12 14:20:34'),
(121, '23', '11', 'dy', 'user_23', '2018-10-12 14:35:33', '2018-10-12 14:35:33'),
(122, '34', '1', 'hhhhvvgjgh', 'user_34', '2018-10-15 13:16:46', '2018-10-15 13:16:46'),
(123, '34', '11', 'hiyeeee', 'user_34', '2018-10-15 13:55:20', '2018-10-15 13:55:20'),
(124, '34', '11', 'hi', 'doctor_11', '2018-10-15 14:10:34', '2018-10-15 14:10:34'),
(125, '34', '11', 'hiii', 'doctor_11', '2018-10-15 14:15:19', '2018-10-15 14:15:19'),
(126, '34', '11', 'hee', 'doctor_11', '2018-10-15 14:16:30', '2018-10-15 14:16:30'),
(127, '34', '11', 'hhh', 'doctor_11', '2018-10-15 14:17:55', '2018-10-15 14:17:55'),
(128, '34', '11', 'hdjdj', 'doctor_11', '2018-10-15 14:34:23', '2018-10-15 14:34:23'),
(129, '34', '11', 'jjjughjiii', 'user_34', '2018-10-15 14:34:44', '2018-10-15 14:34:44'),
(130, '34', '11', 'idud', 'doctor_11', '2018-10-15 14:34:57', '2018-10-15 14:34:57'),
(131, '34', '11', 'bbbb', 'doctor_11', '2018-10-15 14:50:01', '2018-10-15 14:50:01'),
(132, '34', '11', 'bb', 'doctor_11', '2018-10-15 14:50:21', '2018-10-15 14:50:21'),
(133, '34', '11', 'gg', 'doctor_11', '2018-10-15 14:50:26', '2018-10-15 14:50:26'),
(134, '34', '11', 'aaaaa', 'doctor_11', '2018-10-15 14:50:53', '2018-10-15 14:50:53'),
(135, '34', '11', 'dggfgff', 'doctor_11', '2018-10-15 14:51:11', '2018-10-15 14:51:11'),
(136, '34', '11', 'vggh', 'doctor_11', '2018-10-15 15:03:45', '2018-10-15 15:03:45'),
(137, '34', '11', 'vbh', 'doctor_11', '2018-10-15 15:05:59', '2018-10-15 15:05:59'),
(138, '34', '11', 'gh', 'doctor_11', '2018-10-15 15:08:38', '2018-10-15 15:08:38'),
(139, '34', '11', 'b', 'doctor_11', '2018-10-15 15:09:01', '2018-10-15 15:09:01'),
(140, '34', '11', 'hh', 'doctor_11', '2018-10-15 15:09:24', '2018-10-15 15:09:24'),
(141, '34', '11', 'vvg', 'doctor_11', '2018-10-15 15:11:40', '2018-10-15 15:11:40'),
(142, '34', '11', 'fydyyd', 'doctor_11', '2018-10-15 15:19:31', '2018-10-15 15:19:31'),
(143, '34', '11', 'chchcc', 'doctor_11', '2018-10-15 15:19:43', '2018-10-15 15:19:43'),
(144, '34', '11', 'dvd f', 'user_34', '2018-10-16 13:36:44', '2018-10-16 13:36:44'),
(145, '34', '11', 'ggg', 'user_34', '2018-10-16 14:02:20', '2018-10-16 14:02:20'),
(146, '34', '11', 'hii', 'doctor_11', '2018-10-16 14:43:39', '2018-10-16 14:43:39'),
(147, '34', '11', 'hello', 'doctor_11', '2018-10-16 14:50:09', '2018-10-16 14:50:09'),
(148, '34', '11', 'ccc', 'user_34', '2018-10-16 14:51:25', '2018-10-16 14:51:25'),
(149, '34', '11', 'vbb', 'user_34', '2018-10-16 14:51:43', '2018-10-16 14:51:43'),
(150, '34', '11', 'hh', 'user_34', '2018-10-16 14:52:00', '2018-10-16 14:52:00'),
(151, '34', '11', 'kj', 'user_34', '2018-10-16 14:52:07', '2018-10-16 14:52:07'),
(152, '34', '11', 'j jv', 'doctor_11', '2018-10-16 14:52:53', '2018-10-16 14:52:53'),
(153, '34', '11', 'hh', 'doctor_11', '2018-10-16 14:56:21', '2018-10-16 14:56:21'),
(154, '34', '11', 'hchchchcyfufuf', 'doctor_11', '2018-10-16 15:03:14', '2018-10-16 15:03:14'),
(155, '34', '11', 'vv', 'doctor_11', '2018-10-16 15:03:44', '2018-10-16 15:03:44'),
(156, '34', '11', 'vgh', 'doctor_11', '2018-10-16 15:04:37', '2018-10-16 15:04:37'),
(157, '34', '11', 'hhh', 'doctor_11', '2018-10-16 16:20:57', '2018-10-16 16:20:57'),
(158, '34', '11', 'vhhhhh', 'doctor_11', '2018-10-16 16:21:18', '2018-10-16 16:21:18'),
(159, '34', '11', 'chxucu', 'doctor_11', '2018-10-16 16:22:14', '2018-10-16 16:22:14'),
(160, '34', '11', 'ck', 'doctor_11', '2018-10-16 16:24:41', '2018-10-16 16:24:41'),
(161, '34', '11', 'sky ditching', 'doctor_11', '2018-10-16 16:37:59', '2018-10-16 16:37:59'),
(162, '34', '11', 'bbb', 'doctor_11', '2018-10-16 16:39:13', '2018-10-16 16:39:13'),
(163, '34', '11', 'vbcbxhcyc', 'doctor_11', '2018-10-16 16:52:47', '2018-10-16 16:52:47'),
(164, '34', '11', 'chychchc', 'doctor_11', '2018-10-16 16:54:00', '2018-10-16 16:54:00'),
(165, '34', '11', 'gxTxxu', 'doctor_11', '2018-10-16 16:55:23', '2018-10-16 16:55:23'),
(166, '34', '11', 'cgxgh', 'doctor_11', '2018-10-16 16:55:36', '2018-10-16 16:55:36'),
(167, '34', '11', 'vhHcyc', 'doctor_11', '2018-10-16 16:55:47', '2018-10-16 16:55:47'),
(168, '34', '11', 'vb', 'doctor_11', '2018-10-16 17:05:17', '2018-10-16 17:05:17'),
(169, '34', '11', 'gh', 'doctor_11', '2018-10-16 17:11:04', '2018-10-16 17:11:04'),
(170, '34', '11', 'vxvbd', 'doctor_11', '2018-10-16 19:15:18', '2018-10-16 19:15:18'),
(171, '34', '11', 'vcbt', 'doctor_11', '2018-10-16 19:20:03', '2018-10-16 19:20:03'),
(172, '34', '11', 'ccd f', 'doctor_11', '2018-10-16 19:21:48', '2018-10-16 19:21:48'),
(173, '34', '11', 'chhc', 'doctor_11', '2018-10-16 19:25:26', '2018-10-16 19:25:26'),
(174, '34', '11', 'gvv', 'doctor_11', '2018-10-16 19:43:15', '2018-10-16 19:43:15'),
(175, '34', '11', 'nxndns', 'doctor_11', '2018-10-16 19:46:14', '2018-10-16 19:46:14'),
(176, '34', '11', 'ibo', 'doctor_11', '2018-10-16 19:49:02', '2018-10-16 19:49:02'),
(177, '34', '11', 'tctv', 'doctor_11', '2018-10-16 19:50:40', '2018-10-16 19:50:40'),
(178, '34', '11', 'bbh', 'doctor_11', '2018-10-16 19:54:50', '2018-10-16 19:54:50'),
(179, '34', '11', 'chchchchcgkg', 'user_34', '2018-10-16 20:26:27', '2018-10-16 20:26:27'),
(180, '34', '11', 'bzbxvdvdvbdd', 'doctor_11', '2018-10-16 20:33:00', '2018-10-16 20:33:00'),
(181, '34', '11', 'hieee', 'doctor_11', '2018-10-16 20:37:00', '2018-10-16 20:37:00'),
(182, '34', '11', 'bvvhhXgzgsgdgxgx', 'doctor_11', '2018-10-16 20:38:14', '2018-10-16 20:38:14'),
(183, '34', '11', 'bvvhhXgzgsgdgxgx', 'doctor_11', '2018-10-16 20:38:14', '2018-10-16 20:38:14'),
(184, '34', '11', 'cyxxuf', 'doctor_11', '2018-10-16 20:39:38', '2018-10-16 20:39:38'),
(185, '34', '11', 'hxuc', 'doctor_11', '2018-10-16 20:42:41', '2018-10-16 20:42:41'),
(186, '34', '11', 'zyzyzu', 'doctor_11', '2018-10-16 20:47:02', '2018-10-16 20:47:02'),
(187, '34', '11', 'bhh', 'doctor_11', '2018-10-16 20:47:17', '2018-10-16 20:47:17'),
(188, '34', '11', 'dtyd', 'doctor_11', '2018-10-16 20:48:50', '2018-10-16 20:48:50'),
(189, '34', '11', 'hch', 'doctor_11', '2018-10-16 20:49:07', '2018-10-16 20:49:07'),
(190, '34', '11', 'chhh hc', 'doctor_11', '2018-10-16 20:50:08', '2018-10-16 20:50:08'),
(191, '34', '11', 'cyycycyv', 'doctor_11', '2018-10-16 20:52:40', '2018-10-16 20:52:40'),
(192, '34', '11', 'g y ycycyv', 'doctor_11', '2018-10-16 20:52:57', '2018-10-16 20:52:57'),
(193, '34', '11', 'chhhxhx', 'doctor_11', '2018-10-16 20:53:35', '2018-10-16 20:53:35'),
(194, '34', '11', 'gcyf', 'doctor_11', '2018-10-16 20:55:07', '2018-10-16 20:55:07'),
(195, '34', '11', 'cecr', 'doctor_11', '2018-10-16 20:56:40', '2018-10-16 20:56:40'),
(196, '34', '11', 'hhhh', 'doctor_11', '2018-10-17 12:53:21', '2018-10-17 12:53:21'),
(197, '34', '11', 'vv', 'doctor_11', '2018-10-17 12:53:33', '2018-10-17 12:53:33'),
(198, '34', '11', 'vvv', 'doctor_11', '2018-10-17 12:53:49', '2018-10-17 12:53:49'),
(199, '34', '11', 'bhh', 'doctor_11', '2018-10-17 12:54:21', '2018-10-17 12:54:21'),
(200, '34', '11', 'h', 'doctor_11', '2018-10-17 12:57:17', '2018-10-17 12:57:17'),
(201, '34', '11', 'vvg', 'doctor_11', '2018-10-17 12:57:48', '2018-10-17 12:57:48'),
(202, '34', '11', 'kk', 'doctor_11', '2018-10-17 12:58:02', '2018-10-17 12:58:02'),
(203, '34', '11', 'vvgg', 'doctor_11', '2018-10-17 13:02:50', '2018-10-17 13:02:50'),
(204, '34', '11', 'v', 'doctor_11', '2018-10-17 13:03:02', '2018-10-17 13:03:02'),
(205, '34', '11', 'fff', 'doctor_11', '2018-10-17 13:14:01', '2018-10-17 13:14:01'),
(206, '34', '11', 'dr', 'doctor_11', '2018-10-17 13:14:12', '2018-10-17 13:14:12'),
(207, '34', '11', 'bbb', 'user_34', '2018-10-17 13:14:32', '2018-10-17 13:14:32'),
(208, '34', '11', 'xx', 'doctor_11', '2018-10-17 13:38:03', '2018-10-17 13:38:03'),
(209, '34', '11', 'h', 'doctor_11', '2018-10-17 13:44:00', '2018-10-17 13:44:00'),
(210, '34', '11', 'cg', 'doctor_11', '2018-10-17 13:44:52', '2018-10-17 13:44:52'),
(211, '34', '11', 'bb', 'doctor_11', '2018-10-17 13:47:02', '2018-10-17 13:47:02'),
(212, '34', '11', 'ggg', 'doctor_11', '2018-10-17 13:49:32', '2018-10-17 13:49:32'),
(213, '34', '11', 'bbv', 'doctor_11', '2018-10-17 13:53:15', '2018-10-17 13:53:15'),
(214, '34', '11', 'bmm', 'doctor_11', '2018-10-17 13:54:18', '2018-10-17 13:54:18'),
(215, '34', '11', 'dharm', 'doctor_11', '2018-10-17 13:56:02', '2018-10-17 13:56:02'),
(216, '34', '11', 'khndit', 'doctor_11', '2018-10-17 13:59:00', '2018-10-17 13:59:00'),
(217, '34', '11', 'Judith', 'doctor_11', '2018-10-17 13:59:19', '2018-10-17 13:59:19'),
(218, '34', '11', 'vjvju', 'doctor_11', '2018-10-17 14:00:30', '2018-10-17 14:00:30'),
(219, '34', '11', 'of', 'doctor_11', '2018-10-17 14:01:35', '2018-10-17 14:01:35'),
(220, '34', '11', 'NV', 'doctor_11', '2018-10-17 14:01:39', '2018-10-17 14:01:39'),
(221, '34', '11', 'thn', 'doctor_11', '2018-10-17 14:06:25', '2018-10-17 14:06:25'),
(222, '34', '11', 'girls like u', 'doctor_11', '2018-10-17 14:07:58', '2018-10-17 14:07:58'),
(223, '34', '11', 'yeah', 'doctor_11', '2018-10-17 14:08:17', '2018-10-17 14:08:17'),
(224, '34', '11', 'why', 'doctor_11', '2018-10-17 14:09:01', '2018-10-17 14:09:01'),
(225, '34', '11', 'bh', 'doctor_11', '2018-10-17 14:18:28', '2018-10-17 14:18:28'),
(226, '34', '11', 'overridden', 'doctor_11', '2018-10-17 14:25:05', '2018-10-17 14:25:05'),
(227, '34', '11', 'ohk', 'doctor_11', '2018-10-17 14:28:49', '2018-10-17 14:28:49'),
(228, '34', '11', 'cHcuc', 'doctor_11', '2018-10-17 14:29:04', '2018-10-17 14:29:04'),
(229, '34', '11', 'hxhxu', 'doctor_11', '2018-10-17 14:29:27', '2018-10-17 14:29:27'),
(230, '34', '11', 'Kimbrough', 'doctor_11', '2018-10-17 14:31:38', '2018-10-17 14:31:38'),
(231, '34', '11', 'jyotish', 'doctor_11', '2018-10-17 14:31:49', '2018-10-17 14:31:49'),
(232, '34', '11', 'theek', 'doctor_11', '2018-10-17 14:32:02', '2018-10-17 14:32:02'),
(233, '34', '11', 'vvgfufudyd', 'doctor_11', '2018-10-17 14:40:53', '2018-10-17 14:40:53'),
(234, '34', '11', 'utkarsh', 'doctor_11', '2018-10-17 14:43:13', '2018-10-17 14:43:13'),
(235, '34', '11', 'gudnyt isi', 'doctor_11', '2018-10-17 14:45:44', '2018-10-17 14:45:44'),
(236, '34', '11', 'clicked', 'doctor_11', '2018-10-17 14:46:14', '2018-10-17 14:46:14'),
(237, '34', '11', 'bCo yaad haisiyat', 'doctor_11', '2018-10-17 14:51:18', '2018-10-17 14:51:18'),
(238, '34', '11', 'hCds', 'doctor_11', '2018-10-17 14:52:42', '2018-10-17 14:52:42'),
(239, '34', '11', 'xK', 'doctor_11', '2018-10-17 14:52:54', '2018-10-17 14:52:54'),
(240, '34', '64', 'bnnb', 'doctor_64', '2018-10-17 17:51:43', '2018-10-17 17:51:43'),
(241, '23', '19', 'hello', 'user_23', '2018-10-18 16:06:57', '2018-10-18 16:06:57'),
(242, '23', '19', 'Hi Rajeev,', 'doctor_19', '2018-10-18 17:10:54', '2018-10-18 17:10:54'),
(243, '23', '19', 'how may i help you', 'doctor_19', '2018-10-18 17:11:08', '2018-10-18 17:11:08'),
(244, '23', '19', 'thank you doctor', 'user_23', '2018-10-18 17:12:22', '2018-10-18 17:12:22'),
(245, '23', '19', 'hii', 'user_23', '2018-10-18 17:57:12', '2018-10-18 17:57:12'),
(246, '23', '19', 'ho', 'user_23', '2018-10-18 17:57:38', '2018-10-18 17:57:38'),
(247, '23', '19', 'bye', 'doctor_19', '2018-10-18 17:57:39', '2018-10-18 17:57:39'),
(248, '23', '19', 'gg', 'user_23', '2018-10-18 17:57:54', '2018-10-18 17:57:54'),
(249, '23', '19', 'derat', 'doctor_19', '2018-10-18 17:58:16', '2018-10-18 17:58:16'),
(250, '23', '19', 'dola', 'doctor_19', '2018-10-18 17:58:28', '2018-10-18 17:58:28'),
(251, '23', '19', 'bola', 'doctor_19', '2018-10-18 17:58:40', '2018-10-18 17:58:40'),
(252, '23', '19', 'jolo', 'doctor_19', '2018-10-18 17:59:02', '2018-10-18 17:59:02'),
(253, '23', '1', 'bbb', 'user_23', '2018-10-18 18:02:11', '2018-10-18 18:02:11'),
(254, '23', '1', 'hi Rajeev', 'doctor_1', '2018-10-18 18:04:24', '2018-10-18 18:04:24'),
(255, '34', '11', 'fff', 'doctor_11', '2018-10-18 18:46:56', '2018-10-18 18:46:56'),
(256, '34', '11', 'hiee', 'user_34', '2018-10-18 18:47:18', '2018-10-18 18:47:18'),
(257, '34', '11', 'hello', 'user_34', '2018-10-18 18:47:31', '2018-10-18 18:47:31'),
(258, '34', '11', 'how r u ??', 'user_34', '2018-10-18 18:47:48', '2018-10-18 18:47:48'),
(259, '38', '11', 'hi', 'user_38', '2018-10-20 13:23:17', '2018-10-20 13:23:17'),
(260, '38', '11', 'this phone number actually exists.', 'user_38', '2018-10-20 13:27:37', '2018-10-20 13:27:37'),
(261, '23', '1', 'hi', 'user_23', '2018-10-22 17:32:00', '2018-10-22 17:32:00'),
(262, '23', '71', 'hi', 'doctor_71', '2018-10-24 19:15:30', '2018-10-24 19:15:30'),
(263, '23', '71', 'hello', 'user_23', '2018-10-24 19:19:28', '2018-10-24 19:19:28'),
(264, '40', '1', 'hi', 'user_40', '2018-10-24 19:55:15', '2018-10-24 19:55:15'),
(265, '40', '1', 'hw r chchc', 'user_40', '2018-10-24 19:55:22', '2018-10-24 19:55:22'),
(266, '41', '71', 'hii', 'user_41', '2018-10-24 19:57:11', '2018-10-24 19:57:11'),
(267, '40', '75', 'cgcgcgug', 'user_40', '2018-10-24 20:12:24', '2018-10-24 20:12:24'),
(268, '42', '1', 'hi', 'user_42', '2018-10-25 13:16:47', '2018-10-25 13:16:47'),
(269, '40', '19', 'hii', 'user_40', '2018-10-25 14:07:23', '2018-10-25 14:07:23'),
(270, '40', '19', 'vhsjjs', 'user_40', '2018-10-25 14:07:27', '2018-10-25 14:07:27'),
(271, '40', '19', 'hieee', 'doctor_19', '2018-10-25 14:07:45', '2018-10-25 14:07:45'),
(272, '40', '77', 'hi doctor', 'user_40', '2018-10-25 16:08:22', '2018-10-25 16:08:22'),
(273, '40', '77', 'hw r u', 'user_40', '2018-10-25 16:08:28', '2018-10-25 16:08:28'),
(274, '40', '77', 'xgshfzhc,jc', 'doctor_77', '2018-10-25 16:19:39', '2018-10-25 16:19:39'),
(275, '40', '77', 'jgsgjdgdgi', 'doctor_77', '2018-10-25 16:19:49', '2018-10-25 16:19:49'),
(276, '40', '77', 'hi', 'doctor_77', '2018-10-25 16:20:06', '2018-10-25 16:20:06'),
(277, '40', '77', 'hi', 'doctor_77', '2018-10-25 16:20:15', '2018-10-25 16:20:15'),
(278, '40', '77', 'ram ram', 'doctor_77', '2018-10-25 16:24:08', '2018-10-25 16:24:08'),
(279, '40', '77', 'gm', 'doctor_77', '2018-10-25 16:30:52', '2018-10-25 16:30:52'),
(280, '40', '77', 'ur appointMent is booked', 'doctor_77', '2018-10-25 16:34:37', '2018-10-25 16:34:37'),
(281, '40', '77', 'hi', 'user_40', '2018-10-25 16:38:34', '2018-10-25 16:38:34'),
(282, '23', '19', 'ujiy', 'user_23', '2018-10-25 21:15:16', '2018-10-25 21:15:16'),
(283, '23', '19', 'hiyiyiy', 'user_23', '2018-10-25 21:28:32', '2018-10-25 21:28:32'),
(284, '23', '19', 'ugig', 'user_23', '2018-10-25 21:32:56', '2018-10-25 21:32:56'),
(285, '23', '19', 'jfjfjf', 'user_23', '2018-10-25 21:35:48', '2018-10-25 21:35:48'),
(286, '23', '1', 'dhdhfjff', 'user_23', '2018-10-25 21:50:56', '2018-10-25 21:50:56'),
(287, '23', '1', 'hsdhhd', 'user_23', '2018-10-25 21:50:59', '2018-10-25 21:50:59'),
(288, '23', '1', 'hddhddh', 'user_23', '2018-10-25 21:51:04', '2018-10-25 21:51:04'),
(289, '23', '19', 'hi', 'user_23', '2018-10-25 22:35:09', '2018-10-25 22:35:09'),
(290, '23', '19', 'hi', 'user_23', '2018-10-25 22:35:17', '2018-10-25 22:35:17'),
(291, '23', '7', 'testing', 'user_23', '2018-10-25 22:54:16', '2018-10-25 22:54:16'),
(292, '23', '7', 'hi', 'user_23', '2018-10-25 22:54:25', '2018-10-25 22:54:25'),
(293, '23', '19', 'hi rajeev', 'doctor_19', '2018-10-25 23:24:56', '2018-10-25 23:24:56'),
(294, '23', '19', 'hello doctor', 'user_23', '2018-10-25 23:25:31', '2018-10-25 23:25:31'),
(295, '23', '19', 'how can I assist you?', 'doctor_19', '2018-10-25 23:25:58', '2018-10-25 23:25:58'),
(296, '23', '19', 'i need urgent medical treatment', 'user_23', '2018-10-25 23:26:24', '2018-10-25 23:26:24'),
(297, '23', '19', 'ok please tell me what health issues you are facing?', 'doctor_19', '2018-10-25 23:27:57', '2018-10-25 23:27:57'),
(298, '23', '19', 'I have painful migraine issue', 'user_23', '2018-10-25 23:29:03', '2018-10-25 23:29:03'),
(299, '23', '19', 'yes', 'user_23', '2018-10-26 12:41:13', '2018-10-26 12:41:13'),
(300, '23', '1', 'hi', 'user_23', '2018-10-26 12:41:26', '2018-10-26 12:41:26'),
(301, '23', '1', 'hddh', 'user_23', '2018-10-26 12:41:39', '2018-10-26 12:41:39'),
(302, '23', '7', 'ur848', 'user_23', '2018-10-26 12:41:55', '2018-10-26 12:41:55'),
(303, '23', '19', 'ijiji', 'doctor_19', '2018-10-26 12:43:21', '2018-10-26 12:43:21'),
(304, '23', '19', 'nobbk', 'doctor_19', '2018-10-26 12:48:34', '2018-10-26 12:48:34'),
(305, '23', '19', 'hdhdh', 'doctor_19', '2018-10-26 12:52:44', '2018-10-26 12:52:44'),
(306, '23', '19', 'gghh', 'doctor_19', '2018-10-26 12:56:44', '2018-10-26 12:56:44'),
(307, '23', '19', 'hhj', 'doctor_19', '2018-10-26 12:57:19', '2018-10-26 12:57:19'),
(308, '23', '19', 'nffj', 'doctor_19', '2018-10-26 13:02:38', '2018-10-26 13:02:38'),
(309, '23', '19', 'dhdh', 'doctor_19', '2018-10-26 13:02:48', '2018-10-26 13:02:48'),
(310, '23', '19', 'jjjjj', 'doctor_19', '2018-10-26 13:06:30', '2018-10-26 13:06:30'),
(311, '38', '11', 'ehdh', 'doctor_11', '2018-10-26 13:38:19', '2018-10-26 13:38:19'),
(312, '23', '19', 'obob', 'doctor_19', '2018-10-26 13:46:43', '2018-10-26 13:46:43'),
(313, '23', '19', 'jjj', 'doctor_19', '2018-10-26 13:47:00', '2018-10-26 13:47:00'),
(314, '23', '19', 'jhhh', 'doctor_19', '2018-10-26 13:47:07', '2018-10-26 13:47:07'),
(315, '23', '19', 'gthhh', 'doctor_19', '2018-10-26 13:52:26', '2018-10-26 13:52:26'),
(316, '23', '19', 'huu', 'doctor_19', '2018-10-26 13:55:33', '2018-10-26 13:55:33'),
(317, '38', '11', '??', 'user_38', '2018-10-26 13:56:01', '2018-10-26 13:56:01'),
(318, '23', '19', 'hhhj', 'doctor_19', '2018-10-26 13:57:15', '2018-10-26 13:57:15'),
(319, '23', '19', 'dhdhhd', 'doctor_19', '2018-10-26 14:08:21', '2018-10-26 14:08:21'),
(320, '23', '19', '5', 'doctor_19', '2018-10-26 14:10:22', '2018-10-26 14:10:22'),
(321, '23', '19', '8uhh', 'doctor_19', '2018-10-26 14:11:29', '2018-10-26 14:11:29'),
(322, '23', '19', 'uuhh', 'doctor_19', '2018-10-26 14:25:26', '2018-10-26 14:25:26'),
(323, '23', '19', 'kjdjdjd', 'user_23', '2018-10-26 15:46:10', '2018-10-26 15:46:10'),
(324, '23', '19', 'hehf', 'user_23', '2018-10-26 15:49:52', '2018-10-26 15:49:52'),
(325, '23', '19', 'ijj', 'user_23', '2018-10-26 15:52:53', '2018-10-26 15:52:53'),
(326, '23', '19', 'jjj', 'user_23', '2018-10-26 15:53:01', '2018-10-26 15:53:01'),
(327, '23', '19', 'iig', 'user_23', '2018-10-26 17:19:07', '2018-10-26 17:19:07'),
(328, '23', '1', 'hi', 'user_23', '2018-10-26 17:27:34', '2018-10-26 17:27:34'),
(329, '23', '1', '65rfg', 'user_23', '2018-10-26 17:27:46', '2018-10-26 17:27:46'),
(330, '23', '19', 'uhh', 'doctor_19', '2018-10-26 17:29:09', '2018-10-26 17:29:09'),
(331, '23', '19', 'jhuh', 'doctor_19', '2018-10-26 17:57:11', '2018-10-26 17:57:11'),
(332, '23', '19', '666666', 'doctor_19', '2018-10-26 17:57:39', '2018-10-26 17:57:39'),
(333, '23', '19', '0000', 'doctor_19', '2018-10-26 17:57:53', '2018-10-26 17:57:53'),
(334, '23', '19', '77666', 'doctor_19', '2018-10-26 17:58:09', '2018-10-26 17:58:09'),
(335, '23', '19', 'mahi', 'doctor_19', '2018-10-26 17:58:21', '2018-10-26 17:58:21'),
(336, '23', '19', 'khh', 'doctor_19', '2018-10-26 17:58:31', '2018-10-26 17:58:31'),
(337, '23', '19', '55555', 'doctor_19', '2018-10-26 17:59:40', '2018-10-26 17:59:40'),
(338, '23', '19', 'mnnmm', 'doctor_19', '2018-10-26 18:00:16', '2018-10-26 18:00:16'),
(339, '23', '19', '8777', 'doctor_19', '2018-10-26 18:00:24', '2018-10-26 18:00:24'),
(340, '23', '19', '12', 'doctor_19', '2018-10-26 18:01:26', '2018-10-26 18:01:26'),
(341, '23', '19', '0p', 'doctor_19', '2018-10-26 18:23:03', '2018-10-26 18:23:03'),
(342, '23', '19', 'op', 'doctor_19', '2018-10-26 18:23:14', '2018-10-26 18:23:14'),
(343, '23', '19', 'booh', 'doctor_19', '2018-10-26 18:23:22', '2018-10-26 18:23:22'),
(344, '23', '19', 'plpo', 'doctor_19', '2018-10-26 18:23:45', '2018-10-26 18:23:45'),
(345, '23', '19', '987', 'doctor_19', '2018-10-26 18:25:35', '2018-10-26 18:25:35'),
(346, '23', '19', 'i88u', 'doctor_19', '2018-10-26 18:26:17', '2018-10-26 18:26:17'),
(347, '23', '19', '8', 'doctor_19', '2018-10-26 18:39:24', '2018-10-26 18:39:24'),
(348, '23', '19', '7666', 'doctor_19', '2018-10-26 18:47:19', '2018-10-26 18:47:19'),
(349, '23', '19', 'pp', 'doctor_19', '2018-10-26 18:47:29', '2018-10-26 18:47:29'),
(350, '23', '19', '777', 'doctor_19', '2018-10-26 18:51:08', '2018-10-26 18:51:08'),
(351, '23', '19', '00', 'doctor_19', '2018-10-26 18:51:23', '2018-10-26 18:51:23'),
(352, '23', '19', '0', 'doctor_19', '2018-10-26 18:51:31', '2018-10-26 18:51:31'),
(353, '23', '19', '877', 'doctor_19', '2018-10-26 18:53:35', '2018-10-26 18:53:35'),
(354, '23', '19', 'mahi', 'doctor_19', '2018-10-26 18:53:54', '2018-10-26 18:53:54'),
(355, '23', '19', '5555656', 'doctor_19', '2018-10-26 18:54:10', '2018-10-26 18:54:10'),
(356, '23', '19', 'test', 'doctor_19', '2018-10-26 18:54:18', '2018-10-26 18:54:18'),
(357, '23', '19', 'lk', 'doctor_19', '2018-10-26 18:56:03', '2018-10-26 18:56:03'),
(358, '23', '19', 'jj', 'doctor_19', '2018-10-26 18:57:37', '2018-10-26 18:57:37'),
(359, '23', '19', '555', 'doctor_19', '2018-10-26 18:57:41', '2018-10-26 18:57:41'),
(360, '23', '19', '0pp', 'doctor_19', '2018-10-26 18:57:45', '2018-10-26 18:57:45'),
(361, '23', '19', 'gfg', 'doctor_19', '2018-10-26 18:58:02', '2018-10-26 18:58:02'),
(362, '23', '19', 'iggu', 'doctor_19', '2018-10-26 18:58:10', '2018-10-26 18:58:10'),
(363, '23', '19', 'o88u', 'doctor_19', '2018-10-26 18:58:14', '2018-10-26 18:58:14'),
(364, '23', '19', 'ibiv', 'doctor_19', '2018-10-26 18:58:18', '2018-10-26 18:58:18'),
(365, '23', '19', '55', 'doctor_19', '2018-10-26 18:58:25', '2018-10-26 18:58:25'),
(366, '23', '19', '7666', 'doctor_19', '2018-10-26 18:59:45', '2018-10-26 18:59:45'),
(367, '23', '19', 'iuuj', 'doctor_19', '2018-10-26 18:59:55', '2018-10-26 18:59:55'),
(368, '23', '19', 'iffu58', 'user_23', '2018-10-26 19:01:54', '2018-10-26 19:01:54'),
(369, '23', '19', 'nzjdj', 'user_23', '2018-10-26 19:01:57', '2018-10-26 19:01:57'),
(370, '23', '19', '028374', 'user_23', '2018-10-26 19:02:06', '2018-10-26 19:02:06'),
(371, '23', '19', 'jcjfj', 'user_23', '2018-10-26 19:02:33', '2018-10-26 19:02:33'),
(372, '23', '19', 'nbh', 'user_23', '2018-10-26 19:02:38', '2018-10-26 19:02:38'),
(373, '23', '19', 'jhh', 'doctor_19', '2018-10-26 19:31:21', '2018-10-26 19:31:21'),
(374, '23', '19', 'dv', 'doctor_19', '2018-10-26 19:31:36', '2018-10-26 19:31:36'),
(375, '23', '19', 'thdonc', 'doctor_19', '2018-10-26 19:31:47', '2018-10-26 19:31:47'),
(376, '23', '19', '766', 'doctor_19', '2018-10-26 19:33:00', '2018-10-26 19:33:00'),
(377, '23', '19', 'cstbkg', 'doctor_19', '2018-10-26 19:33:13', '2018-10-26 19:33:13'),
(378, '23', '1', 'jcj', 'user_23', '2018-10-26 19:34:08', '2018-10-26 19:34:08'),
(379, '23', '1', 'vgg', 'user_23', '2018-10-26 19:34:34', '2018-10-26 19:34:34'),
(380, '23', '1', 'f', 'user_23', '2018-10-26 19:51:12', '2018-10-26 19:51:12'),
(381, '23', '1', 'udydud', 'user_23', '2018-10-26 19:51:16', '2018-10-26 19:51:16'),
(382, '23', '1', 'jfifuffu', 'user_23', '2018-10-26 19:51:22', '2018-10-26 19:51:22'),
(383, '23', '7', 'jfufuf', 'user_23', '2018-10-26 19:51:29', '2018-10-26 19:51:29'),
(384, '23', '7', '766tghh', 'user_23', '2018-10-26 19:52:57', '2018-10-26 19:52:57'),
(385, '23', '7', 'llll', 'user_23', '2018-10-26 19:53:00', '2018-10-26 19:53:00'),
(386, '23', '7', 'jjj', 'user_23', '2018-10-26 19:57:05', '2018-10-26 19:57:05'),
(387, '23', '19', 'hello', 'doctor_19', '2018-10-26 20:15:24', '2018-10-26 20:15:24'),
(388, '23', '7', 'hhh', 'user_23', '2018-10-26 20:19:26', '2018-10-26 20:19:26'),
(389, '23', '7', 'hh', 'user_23', '2018-10-26 20:21:07', '2018-10-26 20:21:07'),
(390, '23', '7', 'higi', 'user_23', '2018-10-26 20:43:03', '2018-10-26 20:43:03'),
(391, '38', '1', 'hi', 'user_38', '2018-10-30 11:56:33', '2018-10-30 11:56:33'),
(392, '38', '1', 'I want to book an appointment', 'user_38', '2018-10-30 11:56:52', '2018-10-30 11:56:52'),
(393, '38', '1', 'hi. yes you can come on Monday 20th', 'doctor_1', '2018-10-30 12:22:26', '2018-10-30 12:22:26'),
(394, '38', '11', 'ohk', 'doctor_11', '2018-10-30 20:24:55', '2018-10-30 20:24:55'),
(395, '23', '11', 'hi', 'user_23', '2018-10-31 12:38:26', '2018-10-31 12:38:26'),
(396, '38', '1', 'I think I will reschedule', 'doctor_1', '2018-10-31 12:48:00', '2018-10-31 12:48:00'),
(397, '38', '1', 'when', 'user_38', '2018-10-31 12:48:30', '2018-10-31 12:48:30'),
(398, '23', '1', 'hiee garima', 'user_23', '2018-10-31 15:15:57', '2018-10-31 15:15:57'),
(399, '23', '19', 'hrtg', 'user_23', '2018-10-31 15:20:48', '2018-10-31 15:20:48'),
(400, '23', '11', 'grtgrtgrtgtr', 'user_23', '2018-10-31 15:21:05', '2018-10-31 15:21:05'),
(401, '23', '11', 'grtgrtgrtgtr', 'user_23', '2018-10-31 15:21:11', '2018-10-31 15:21:11'),
(402, '23', '11', 'grtgrtgrtgtr', 'user_23', '2018-10-31 15:21:18', '2018-10-31 15:21:18'),
(403, '23', '11', 'grtgrtgrtgtr', 'user_23', '2018-10-31 15:21:24', '2018-10-31 15:21:24'),
(404, '23', '11', 'grtgrtgrtgrtgg', 'user_23', '2018-10-31 15:21:41', '2018-10-31 15:21:41'),
(405, '23', '19', 'fbbtth', 'user_23', '2018-10-31 15:21:55', '2018-10-31 15:21:55'),
(406, '23', '7', 'ggbbyt', 'user_23', '2018-10-31 15:22:03', '2018-10-31 15:22:03'),
(407, '23', '11', 'lkjhgfd', 'user_23', '2018-10-31 15:22:25', '2018-10-31 15:22:25'),
(408, '22', '1', 'hi dsp', 'doctor_1', '2018-10-31 16:23:02', '2018-10-31 16:23:02'),
(409, '22', '1', 'how may I help you?', 'doctor_1', '2018-10-31 16:24:03', '2018-10-31 16:24:03'),
(410, '23', '11', 'hey rajeev', 'doctor_11', '2018-10-31 20:12:55', '2018-10-31 20:12:55'),
(411, '23', '11', 'how can I help you?', 'doctor_11', '2018-10-31 20:13:09', '2018-10-31 20:13:09'),
(412, '23', '11', 'hg', 'doctor_11', '2018-10-31 20:14:10', '2018-10-31 20:14:10'),
(413, '23', '19', 'hhhh', 'doctor_19', '2018-10-31 20:40:28', '2018-10-31 20:40:28'),
(414, '23', '19', 'bhjj', 'doctor_19', '2018-10-31 20:40:34', '2018-10-31 20:40:34'),
(415, '23', '19', 'hchchc', 'doctor_19', '2018-10-31 20:40:38', '2018-10-31 20:40:38'),
(416, '23', '19', 'cuyfyf', 'doctor_19', '2018-10-31 20:40:45', '2018-10-31 20:40:45'),
(417, '23', '19', 'hgg', 'user_23', '2018-10-31 20:44:28', '2018-10-31 20:44:28'),
(418, '23', '11', 'hyy', 'user_23', '2018-10-31 20:57:50', '2018-10-31 20:57:50'),
(419, '23', '7', 'htt', 'user_23', '2018-10-31 20:58:01', '2018-10-31 20:58:01'),
(420, '23', '11', 'yf', 'user_23', '2018-10-31 20:58:09', '2018-10-31 20:58:09'),
(421, '23', '19', 'gg', 'user_23', '2018-10-31 20:58:17', '2018-10-31 20:58:17'),
(422, '23', '11', 'grrt7', 'user_23', '2018-10-31 20:58:29', '2018-10-31 20:58:29'),
(423, '23', '19', 'vuuc', 'user_23', '2018-10-31 20:58:41', '2018-10-31 20:58:41'),
(424, '23', '11', 'gufy', 'user_23', '2018-10-31 20:59:42', '2018-10-31 20:59:42'),
(425, '23', '11', 'viguffu', 'user_23', '2018-10-31 20:59:45', '2018-10-31 20:59:45'),
(426, '23', '11', 'iguguf', 'user_23', '2018-10-31 20:59:48', '2018-10-31 20:59:48'),
(427, '23', '11', 'ufufyd', 'user_23', '2018-10-31 20:59:56', '2018-10-31 20:59:56'),
(428, '23', '11', 'vufuf', 'user_23', '2018-10-31 20:59:58', '2018-10-31 20:59:58'),
(429, '23', '7', 'vjufuf', 'user_23', '2018-10-31 21:00:08', '2018-10-31 21:00:08'),
(430, '23', '7', 'ivivug', 'user_23', '2018-10-31 21:00:12', '2018-10-31 21:00:12'),
(431, '23', '7', 'ncufd', 'user_23', '2018-10-31 21:00:20', '2018-10-31 21:00:20'),
(432, '23', '7', 'iguggu', 'user_23', '2018-10-31 21:01:01', '2018-10-31 21:01:01'),
(433, '23', '7', 'viguyf', 'user_23', '2018-10-31 21:01:05', '2018-10-31 21:01:05'),
(434, '23', '7', 'uvuv', 'user_23', '2018-10-31 21:03:15', '2018-10-31 21:03:15'),
(435, '23', '11', 'bibib', 'user_23', '2018-10-31 21:03:36', '2018-10-31 21:03:36'),
(436, '23', '105', 'hi rajeev', 'doctor_105', '2018-11-21 17:56:34', '2018-11-21 17:56:34'),
(437, '23', '105', 'Hello Doctor', 'user_23', '2018-11-21 18:06:39', '2018-11-21 18:06:39'),
(438, '23', '105', 'I need your consultation.', 'user_23', '2018-11-21 18:07:24', '2018-11-21 18:07:24'),
(439, '47', '105', 'u r not working on my app', 'user_47', '2018-11-22 15:18:43', '2018-11-22 15:18:43'),
(440, '48', '121', 'fuduj', 'user_48', '2018-11-22 19:30:01', '2018-11-22 19:30:01'),
(441, '48', '121', 'hiii', 'doctor_121', '2018-11-22 19:30:53', '2018-11-22 19:30:53'),
(442, '48', '121', 'oye', 'doctor_121', '2018-11-22 19:32:23', '2018-11-22 19:32:23'),
(443, '48', '121', 'hello', 'doctor_121', '2018-11-22 19:32:53', '2018-11-22 19:32:53'),
(444, '48', '121', 'hello', 'doctor_121', '2018-11-22 19:50:02', '2018-11-22 19:50:02'),
(445, '48', '121', 'how', 'user_48', '2018-11-22 19:50:11', '2018-11-22 19:50:11'),
(446, '48', '121', 'hola', 'user_48', '2018-11-23 13:00:18', '2018-11-23 13:00:18'),
(447, '48', '121', 'yes', 'doctor_121', '2018-11-23 13:18:08', '2018-11-23 13:18:08'),
(448, '48', '121', 'hiii', 'doctor_121', '2018-11-23 13:53:30', '2018-11-23 13:53:30'),
(449, '47', '105', 'hello test', 'doctor_105', '2018-11-23 13:53:58', '2018-11-23 13:53:58'),
(450, '48', '105', 'hey', 'user_48', '2018-11-23 16:38:26', '2018-11-23 16:38:26'),
(451, '23', '122', 'hi', 'user_23', '2018-11-26 22:37:37', '2018-11-26 22:37:37'),
(452, '23', '122', 'hello', 'doctor_122', '2018-11-26 22:37:58', '2018-11-26 22:37:58'),
(453, '23', '122', 'how are you?', 'user_23', '2018-11-26 22:38:15', '2018-11-26 22:38:15'),
(454, '23', '122', 'I am good,\nThanks.', 'user_23', '2018-11-28 16:30:31', '2018-11-28 16:30:31'),
(455, '23', '120', 'hi', 'user_23', '2018-11-28 16:44:17', '2018-11-28 16:44:17'),
(456, '23', '120', 'hello dear', 'doctor_120', '2018-11-28 16:51:22', '2018-11-28 16:51:22'),
(457, '23', '120', 'how can I help you?', 'doctor_120', '2018-11-28 16:51:45', '2018-11-28 16:51:45'),
(458, '51', '105', 'hello', 'user_51', '2018-11-28 17:06:36', '2018-11-28 17:06:36'),
(459, '51', '105', 'hello', 'user_51', '2018-11-28 20:01:29', '2018-11-28 20:01:29'),
(460, '51', '105', 'Sir where is your clinic?', 'user_51', '2018-11-28 20:02:10', '2018-11-28 20:02:10'),
(461, '51', '105', 'sir', 'user_51', '2018-11-28 20:10:24', '2018-11-28 20:10:24'),
(462, '51', '121', 'hey', 'user_51', '2018-11-28 20:20:18', '2018-11-28 20:20:18'),
(463, '51', '121', 'hey', 'user_51', '2018-11-28 20:31:18', '2018-11-28 20:31:18'),
(464, '51', '105', 'hey', 'user_51', '2018-11-28 20:31:24', '2018-11-28 20:31:24'),
(465, '51', '121', 'hello', 'user_51', '2018-11-28 20:31:50', '2018-11-28 20:31:50'),
(466, '51', '105', 'sir', 'user_51', '2018-11-28 20:31:58', '2018-11-28 20:31:58'),
(467, '51', '121', 'hi', 'user_51', '2018-11-28 20:32:20', '2018-11-28 20:32:20'),
(468, '51', '105', 'hello', 'user_51', '2018-11-28 20:32:35', '2018-11-28 20:32:35'),
(469, '51', '105', 'hello there', 'user_51', '2018-11-28 20:32:47', '2018-11-28 20:32:47'),
(470, '51', '105', 'howa', 'user_51', '2018-11-28 20:33:01', '2018-11-28 20:33:01');

-- --------------------------------------------------------

--
-- Table structure for table `cities`
--

CREATE TABLE `cities` (
  `id` int(11) NOT NULL,
  `name` varchar(250) NOT NULL,
  `created_at` timestamp NOT NULL DEFAULT CURRENT_TIMESTAMP ON UPDATE CURRENT_TIMESTAMP,
  `updated_at` timestamp NOT NULL DEFAULT '0000-00-00 00:00:00'
) ENGINE=InnoDB DEFAULT CHARSET=latin1;

--
-- Dumping data for table `cities`
--

INSERT INTO `cities` (`id`, `name`, `created_at`, `updated_at`) VALUES
(1, 'Dubai', '2018-07-17 09:17:00', '0000-00-00 00:00:00'),
(2, 'Fujairah', '2018-07-17 09:17:13', '0000-00-00 00:00:00'),
(3, 'Ras Al Khaimah', '2018-07-17 09:17:34', '0000-00-00 00:00:00'),
(4, 'Umm Al Quwain', '2018-07-17 09:17:52', '0000-00-00 00:00:00'),
(5, 'Sharjah', '2018-07-17 09:18:13', '0000-00-00 00:00:00'),
(6, 'Abu Dhabi', '2018-07-17 09:18:30', '0000-00-00 00:00:00'),
(7, 'Ajman', '2018-07-17 09:21:52', '0000-00-00 00:00:00');

-- --------------------------------------------------------

--
-- Table structure for table `clinicplans`
--

CREATE TABLE `clinicplans` (
  `id` int(11) NOT NULL,
  `clinic_id` varchar(500) NOT NULL,
  `sub_id` varchar(500) NOT NULL,
  `created_at` timestamp NOT NULL DEFAULT CURRENT_TIMESTAMP ON UPDATE CURRENT_TIMESTAMP,
  `updated_at` timestamp NOT NULL DEFAULT '0000-00-00 00:00:00',
  `exp_date` datetime NOT NULL
) ENGINE=MyISAM DEFAULT CHARSET=latin1;

--
-- Dumping data for table `clinicplans`
--

INSERT INTO `clinicplans` (`id`, `clinic_id`, `sub_id`, `created_at`, `updated_at`, `exp_date`) VALUES
(8, '18', '8', '2018-11-19 12:08:27', '0000-00-00 00:00:00', '2019-01-03 00:00:00');

-- --------------------------------------------------------

--
-- Table structure for table `clinics`
--

CREATE TABLE `clinics` (
  `id` int(11) NOT NULL,
  `email` varchar(250) DEFAULT NULL,
  `city_id` varchar(250) NOT NULL DEFAULT '',
  `fullname` varchar(250) DEFAULT NULL,
  `speciality_id` varchar(250) NOT NULL,
  `image` varchar(500) DEFAULT NULL,
  `licence_number` varchar(500) DEFAULT NULL,
  `expertise_area` varchar(500) DEFAULT NULL,
  `insurance_accept` varchar(1000) DEFAULT NULL,
  `password` varchar(250) DEFAULT NULL,
  `admin_status` varchar(250) NOT NULL DEFAULT '0',
  `notification_flag` varchar(250) NOT NULL DEFAULT '1',
  `remember_token` varchar(100) DEFAULT '',
  `created_at` timestamp NOT NULL DEFAULT CURRENT_TIMESTAMP ON UPDATE CURRENT_TIMESTAMP,
  `updated_at` timestamp NOT NULL DEFAULT '0000-00-00 00:00:00',
  `phone` varchar(250) DEFAULT NULL
) ENGINE=MyISAM DEFAULT CHARSET=latin1;

--
-- Dumping data for table `clinics`
--

INSERT INTO `clinics` (`id`, `email`, `city_id`, `fullname`, `speciality_id`, `image`, `licence_number`, `expertise_area`, `insurance_accept`, `password`, `admin_status`, `notification_flag`, `remember_token`, `created_at`, `updated_at`, `phone`) VALUES
(79, 'msali069@gmail.com', '1', 'ali', '68', NULL, 'dwd', 'wed', '', '123456', '1', '1', '', '2018-11-20 12:09:11', '2018-11-20 19:08:59', '477474747'),
(80, 'namo.j65@gmail.com', '3', 'Dr Namrata Clinic', '75', NULL, 'GM46464446', 'All Emergency Services', '70,57,56', '123123', '1', '1', '', '2018-11-20 13:18:19', '2018-11-20 20:18:19', '559632587'),
(75, 'apollo@gmail.com', '2', 'apollo hospital', '59', NULL, 'app01234', 'as2130', '7', '123456', '1', '1', '', '2018-11-03 12:03:24', '2018-11-03 19:03:24', '5548789856'),
(76, 'sglove1019@gmail.com', '1', 'happyclinic', '49', NULL, 'p-110121', 'Aesthetics, cosmetologist, dentist, pulmonary specialist, oncologist', '', '123456', '1', '1', '', '2018-11-19 06:02:34', '2018-11-19 12:48:15', '042977538');

-- --------------------------------------------------------

--
-- Table structure for table `comments`
--

CREATE TABLE `comments` (
  `id` int(11) NOT NULL,
  `user_id` varchar(250) NOT NULL,
  `post_id` varchar(250) NOT NULL,
  `usertype` varchar(250) NOT NULL DEFAULT 'user',
  `message` varchar(1000) NOT NULL,
  `created_at` timestamp NOT NULL DEFAULT CURRENT_TIMESTAMP ON UPDATE CURRENT_TIMESTAMP,
  `updated_at` timestamp NOT NULL DEFAULT '0000-00-00 00:00:00'
) ENGINE=MyISAM DEFAULT CHARSET=latin1;

--
-- Dumping data for table `comments`
--

INSERT INTO `comments` (`id`, `user_id`, `post_id`, `usertype`, `message`, `created_at`, `updated_at`) VALUES
(65, '124', '109', 'doctor', 'Nice post', '2018-11-29 14:12:34', '2018-11-29 14:12:34'),
(64, '40', '109', 'user', 'hey', '2018-11-29 13:14:07', '2018-11-29 13:14:07'),
(63, '51', '109', 'user', 'Yes', '2018-11-29 13:08:21', '2018-11-29 13:08:21'),
(62, '51', '79', 'user', 'testing', '2018-11-28 20:09:56', '2018-11-28 20:09:56'),
(61, '51', '104', 'user', 'sir', '2018-11-28 20:09:28', '2018-11-28 20:09:28'),
(60, '51', '97', 'user', 'testing 123', '2018-11-28 20:05:16', '2018-11-28 20:05:16'),
(59, '51', '98', 'user', 'testing', '2018-11-28 20:05:05', '2018-11-28 20:05:05'),
(58, '51', '98', 'user', 'yes', '2018-11-28 20:04:53', '2018-11-28 20:04:53'),
(57, '51', '108', 'user', 'Have you ever consult dermatologist before? What are the medicine you have taken till date?', '2018-11-28 16:15:35', '2018-11-28 16:15:35'),
(56, '51', '108', 'user', 'What is your concern', '2018-11-28 16:13:54', '2018-11-28 16:13:54'),
(55, '51', '108', 'user', 'hello', '2018-11-28 16:12:54', '2018-11-28 16:12:54'),
(54, '51', '108', 'user', 'hello', '2018-11-28 16:02:24', '2018-11-28 16:02:24'),
(53, '121', '101', 'doctor', 'test', '2018-11-23 17:27:50', '2018-11-23 17:27:50'),
(52, '121', '86', 'doctor', 'test', '2018-11-23 13:23:42', '2018-11-23 13:23:42'),
(51, '48', '92', 'user', 'test', '2018-11-22 19:34:15', '2018-11-22 19:34:15'),
(50, '121', '86', 'doctor', 'test', '2018-11-22 17:53:41', '2018-11-22 17:53:41'),
(49, '46', '79', 'user', 'great', '2018-11-21 18:20:15', '2018-11-21 18:20:15'),
(48, '23', '79', 'user', 'nice post!', '2018-11-21 18:05:28', '2018-11-21 18:05:28'),
(46, '23', '76', 'user', 'hhh', '2018-10-25 21:14:21', '2018-10-25 21:14:21'),
(47, '23', '75', 'user', 'dddd', '2018-10-26 19:11:27', '2018-10-26 19:11:27');

-- --------------------------------------------------------

--
-- Table structure for table `doctorratings`
--

CREATE TABLE `doctorratings` (
  `id` int(11) NOT NULL,
  `rating` varchar(500) NOT NULL,
  `review` varchar(1000) DEFAULT NULL,
  `created_at` timestamp NOT NULL DEFAULT CURRENT_TIMESTAMP ON UPDATE CURRENT_TIMESTAMP,
  `updated_at` timestamp NOT NULL DEFAULT '0000-00-00 00:00:00',
  `doctor_id` varchar(250) NOT NULL,
  `user_id` varchar(250) NOT NULL,
  `status` enum('0','1') NOT NULL
) ENGINE=MyISAM DEFAULT CHARSET=latin1;

--
-- Dumping data for table `doctorratings`
--

INSERT INTO `doctorratings` (`id`, `rating`, `review`, `created_at`, `updated_at`, `doctor_id`, `user_id`, `status`) VALUES
(44, '3', 'Good', '2018-11-29 06:27:48', '2018-11-29 13:21:11', '118', '51', '1'),
(39, '5', 'I', '2018-11-26 15:41:35', '2018-11-26 17:29:22', '122', '41', '1'),
(38, '2', 'Ghgbbfg', '2018-11-26 15:41:44', '2018-11-26 17:00:50', '121', '23', '1'),
(42, '3', 'Good', '2018-11-28 17:06:08', '2018-11-28 17:06:08', '105', '51', '0'),
(37, '2', 'Ffdfvfvdfvdfvdfvdfvdfvdfvdfv', '2018-11-26 15:41:40', '2018-11-26 16:51:06', '122', '23', '1'),
(35, '4.0', 'tezt', '2018-11-22 19:43:04', '2018-11-22 19:43:04', '121', '48', '0'),
(40, '3', 'Hiii', '2018-11-27 09:20:09', '2018-11-26 23:10:09', '123', '23', '1'),
(41, '2.0', 'good morning', '2018-11-27 09:20:02', '2018-11-27 16:19:32', '120', '23', '1'),
(33, '5.0', 'Liked your treatment, it\'s the best.', '2018-11-21 11:22:24', '2018-11-21 18:22:09', '105', '46', '1'),
(43, '3', 'Good', '2018-11-29 06:27:51', '2018-11-29 13:19:57', '118', '40', '1');

-- --------------------------------------------------------

--
-- Table structure for table `doctors`
--

CREATE TABLE `doctors` (
  `id` int(11) NOT NULL,
  `email` varchar(250) NOT NULL,
  `city_id` varchar(250) DEFAULT NULL,
  `fullname` varchar(250) NOT NULL,
  `speciality_id` varchar(250) NOT NULL DEFAULT '4',
  `clinic` varchar(500) NOT NULL,
  `image` varchar(500) DEFAULT NULL,
  `licence_number` varchar(500) NOT NULL,
  `expertise_area` varchar(500) NOT NULL,
  `insurance_accept` varchar(1000) DEFAULT NULL,
  `qualification` varchar(500) DEFAULT NULL,
  `avilability` varchar(1000) NOT NULL DEFAULT 'M',
  `start_time` varchar(250) NOT NULL DEFAULT '-',
  `end_time` varchar(250) NOT NULL DEFAULT '-',
  `password` varchar(250) NOT NULL,
  `fee` varchar(250) NOT NULL DEFAULT '100',
  `admin_status` varchar(250) NOT NULL DEFAULT '0',
  `notification_flag` varchar(250) NOT NULL DEFAULT '1',
  `remember_token` varchar(100) DEFAULT '',
  `created_at` timestamp NOT NULL DEFAULT CURRENT_TIMESTAMP ON UPDATE CURRENT_TIMESTAMP,
  `updated_at` timestamp NOT NULL DEFAULT '0000-00-00 00:00:00',
  `phone` varchar(250) DEFAULT NULL
) ENGINE=MyISAM DEFAULT CHARSET=latin1;

--
-- Dumping data for table `doctors`
--

INSERT INTO `doctors` (`id`, `email`, `city_id`, `fullname`, `speciality_id`, `clinic`, `image`, `licence_number`, `expertise_area`, `insurance_accept`, `qualification`, `avilability`, `start_time`, `end_time`, `password`, `fee`, `admin_status`, `notification_flag`, `remember_token`, `created_at`, `updated_at`, `phone`) VALUES
(124, 'rounaque.afreen@mobulous.com', '2', 'rounaque', '73', 'Flawless', 'userimage/c5ce41d3cb1437b1e101d351e93776141299.jpg', '124456', 'Acne Treatment, Lasers, Chemical Peels', '75,76', 'MBBS, MD', 'M', '10', '20', 'qwerty', '500', '1', '1', '', '2018-11-29 07:14:07', '2018-11-29 14:14:07', '561218277'),
(123, 'doc@gmail.com', '6', 'Oxford', '95', 'Radahe', NULL, 'nothing', 'nothing', '', NULL, 'M', '-', '-', 'qwerty', '100', '1', '1', '', '2018-11-26 11:16:34', '2018-11-26 18:16:34', '557896325'),
(122, 'test1@gmail.com', '2', 'Bruce Lee', '110', 'Happy clinic', 'userimage/7e7b867d3f08fc4f5ca6909de6fdb6592624.jpg', '1373637', 'cardio specialist', '62', 'MBBS', 'M, Tu, W, Th, F', '11', '15', '123123', '399', '1', '1', '', '2018-11-26 08:26:55', '2018-11-26 15:26:55', '552635736'),
(121, 'nikhil.ahluwalia@mobulous.com', '5', 'Nikhil', '97', 'Baba Clinic', 'userimage/989740e82a52d6e522f2616b60dae9bd9658.jpg', '181677277', 'Testing', '72', 'MBBS', 'M, Tu, W, Th', '10', '10', '123456', '124', '1', '1', '', '2018-11-23 10:24:23', '2018-11-23 17:24:23', '552612345'),
(118, 'namo.j65@gmail.com', '5', 'Namrata', '114', 'Dr Namrata Jain', NULL, '6363738', 'General Consultanting', '58', 'MBBS', 'M, Tu, W', '10', '16', '123123', '499', '1', '1', '', '2018-11-21 12:41:57', '2018-11-21 19:41:57', '552645645'),
(120, 'testmobulous123@gmail.com', '6', 'Dr Prasad', '87', 'XYZ Clinic', 'userimage/9886d8f6322522eab2dd8e53ae3101133083.jpg', 'Dental Expert', 'Dental Expert', '70', 'MBBS, MD', 'Tu, W, Th', '11', '18', '123123', '199', '1', '1', '', '2018-11-28 09:51:03', '2018-11-28 16:51:03', '552636985'),
(105, 'chakravartisingh18@gmail.com', '1', 'CK World', '89', 'Happyclinic', 'userimage/e54b7033afd8f066eb2360e076a691ff7782.jpg', 'AU654654', 'Ayurveda Medication, Yoga', '56,12', 'MBBS', 'M, Tu, W, Th, F', '10', '18', '123123', '999', '1', '1', '', '2018-11-21 10:55:46', '2018-11-21 17:55:46', '559632584');

-- --------------------------------------------------------

--
-- Table structure for table `dtokens`
--

CREATE TABLE `dtokens` (
  `id` int(11) NOT NULL,
  `user_id` varchar(250) NOT NULL,
  `token` varchar(250) NOT NULL,
  `deviceType` enum('ios','android','website') NOT NULL DEFAULT 'ios',
  `deviceToken` varchar(250) NOT NULL,
  `created_at` timestamp NOT NULL DEFAULT CURRENT_TIMESTAMP ON UPDATE CURRENT_TIMESTAMP,
  `updated_at` timestamp NOT NULL DEFAULT '0000-00-00 00:00:00'
) ENGINE=MyISAM DEFAULT CHARSET=latin1;

--
-- Dumping data for table `dtokens`
--

INSERT INTO `dtokens` (`id`, `user_id`, `token`, `deviceType`, `deviceToken`, `created_at`, `updated_at`) VALUES
(1, '1', '79mD22cVplDu176ByGxux3fp2', 'website', '132.148.157.197', '2018-11-19 05:13:56', '2018-11-19 12:13:56'),
(21, '23', 'FXFWSlxsRWvubfhc1F798bZfy', 'website', '166.62.27.189', '2018-09-17 13:02:20', '2018-09-17 20:02:20'),
(22, '24', 'a6wrWiUavrMse39W1ro2XKxnv', 'android', 'cOwuGhcFPxg:APA91bEvGjanph-tGwAwyY2fONYpcQRgfBEpJPDwA-kTELqvaYFDVDbcwLIBCM6uyx67fz_dKCOP4sgSmlo1irdEMjev74PkhHWv1Qeh0grikB-O1_1TtT4jk3LQvYVjNOeAsw3vtV8k', '2018-09-18 05:29:14', '2018-09-18 12:29:14'),
(2, '3', 'fascdeddfdfbf', 'website', 'ecsfdfddfbafd', '2018-09-07 12:16:17', '0000-00-00 00:00:00'),
(3, '5', 'PbEWGFTxtSOLInnaStTtnacJO', 'website', '132.148.157.197', '2018-11-20 11:26:15', '2018-11-20 18:26:15'),
(4, '6', 'sjVdAm3u8d7ARmhq8hWToulmt', 'website', '166.62.27.189', '2018-09-07 14:33:28', '2018-09-07 21:33:28'),
(5, '7', 'AqJZJCvC9grzAtXFxAlEFp0xb', 'website', '166.62.27.189', '2018-09-07 21:15:19', '2018-09-07 21:15:19'),
(6, '8', 'HA9K5GHU1BMBBf2ybWUCLJYnD', 'website', '166.62.27.189', '2018-09-11 06:59:59', '2018-09-11 13:59:59'),
(7, '9', 'ezjVC6XvtuHCcT9fs5aIIgjsB', 'website', '166.62.27.189', '2018-09-07 21:43:49', '2018-09-07 21:43:49'),
(8, '10', '5b96206a1b4e5', 'website', '5b96206a1b4e9', '2018-09-10 14:42:34', '2018-09-10 14:42:34'),
(9, '11', 'Ef163YktrGI3kyGRoMEeNo6V3', 'website', '132.148.157.197', '2018-11-16 09:41:42', '2018-11-16 16:41:42'),
(87, '92', '5bf3e27129766', 'website', '5bf3e271297ab', '2018-11-20 17:31:13', '2018-11-20 17:31:13'),
(23, '25', 'f6a6dEDsf4f5f44W5d5RbdEcDed', 'website', '5dEf54defE4DfR4fasdcbD5Wd66', '2018-09-18 06:32:41', '0000-00-00 00:00:00'),
(10, '12', '5b975e2b874f4', 'website', '5b975e2b874f7', '2018-09-11 13:18:19', '2018-09-11 13:18:19'),
(11, '13', 'YmcZqzGKfBxk0hPkpndypr4yC', 'android', 'c2X6tFPjILI:APA91bH2XlP7YiiUEpHcs7HIchbik3plaY8C1viY2-SHLLVtT19rXDGy3tXBA2APlB3xASjSNiOAyC8NstDj5vPh_TGVtZuK_uHRdfou3dx6yC7nTRZyHZACED6Vu8idhehvO_1oGxuL', '2018-09-27 06:13:33', '2018-09-27 13:13:33'),
(12, '14', 'fwZq1sIOpvzaHtvTP7a7qu8MV', 'website', '132.148.157.197', '2018-10-17 10:56:42', '2018-10-17 17:56:42'),
(13, '15', 'pHivwsQ4EeRmZqiIbOVp3fE1d', 'website', '132.148.157.197', '2018-11-19 10:05:34', '2018-11-19 17:05:34'),
(86, '88', '5bf3de054bf3d', 'website', '5bf3de054bf73', '2018-11-20 17:12:21', '2018-11-20 17:12:21'),
(14, '16', '0fNhnrUbmfyVNez9oeZcR8pH5', 'website', '132.148.157.197', '2018-11-03 06:43:19', '2018-11-03 13:43:19'),
(15, '17', 'nveguilnI1kUOyYPEXWbFgR5Z', 'website', '166.62.27.189', '2018-09-17 05:49:21', '2018-09-17 12:49:21'),
(18, '20', 'z5H9QeSnzLnB4X7xWOqrmTiVL', 'website', '166.62.27.189', '2018-09-17 16:24:49', '2018-09-17 16:24:49'),
(19, '21', 'eWo72qNk3QpMa4jBnTQiSom04', 'website', '166.62.27.189', '2018-09-17 16:26:51', '2018-09-17 16:26:51'),
(16, '18', 'wnc5hehIW1JLoCi1vHKAtumAL', 'website', '166.62.27.189', '2018-09-12 13:41:26', '2018-09-12 13:41:26'),
(34, '36', 'cadWbdf5ERedD64Dd5E5fsf446f', 'website', '66ER4f5dadED445fc5fdWDbfsde', '2018-09-28 06:04:39', '0000-00-00 00:00:00'),
(17, '19', 'sfUcQbEBpznHYShkSsfTq5uYa', 'website', '132.148.157.197', '2018-11-20 11:12:55', '2018-11-20 18:12:55'),
(20, '22', 'a5bdfEffDE5Dd4e4s66RWdd45cf', 'website', '54W5b4ffD65DdREscdE4fe6dfad', '2018-09-17 10:47:36', '0000-00-00 00:00:00'),
(24, '26', '5ba1fe9f12f66', 'website', '5ba1fe9f12f69', '2018-09-19 14:45:35', '2018-09-19 14:45:35'),
(25, '27', '5ba201d47c270', 'website', '5ba201d47c274', '2018-09-19 14:59:16', '2018-09-19 14:59:16'),
(26, '28', '5ba2022eae442', 'website', '5ba2022eae445', '2018-09-19 15:00:46', '2018-09-19 15:00:46'),
(27, '29', '5ba202b03ac87', 'website', '5ba202b03ac8b', '2018-09-19 15:02:56', '2018-09-19 15:02:56'),
(28, '30', '5ba2059d79155', 'website', '5ba2059d79158', '2018-09-19 15:15:25', '2018-09-19 15:15:25'),
(29, '31', '5ba2067d8739e', 'website', '5ba2067d873a1', '2018-09-19 15:19:09', '2018-09-19 15:19:09'),
(30, '32', '5ba23e91bacc2', 'website', '5ba23e91bacc6', '2018-09-19 19:18:25', '2018-09-19 19:18:25'),
(31, '33', '5ba50112057b7', 'website', '5ba50112057bd', '2018-09-21 21:32:50', '2018-09-21 21:32:50'),
(32, '34', 'MEwj7tSKUtgUb9HiT22v83IEm', 'android', 'fYDxs8djEbM:APA91bEBt96_DsRPf9mrWvSUonyL6JNe9qwQ0iB5hGS6pRsHs6Or4n34grEgR-yb9mo0Ylfr5xTivd9LMFSCr8_tkw6ft7fRYPxlsviHVgASSJpgEHvFXSPDdqNPhvSYvs2X1PQJ-kmy', '2018-09-26 09:17:43', '2018-09-26 16:17:43'),
(33, '35', 'VP79tGkhvEsa1KNrlZ0zIrNOE', 'android', 'c2X6tFPjILI:APA91bH2XlP7YiiUEpHcs7HIchbik3plaY8C1viY2-SHLLVtT19rXDGy3tXBA2APlB3xASjSNiOAyC8NstDj5vPh_TGVtZuK_uHRdfou3dx6yC7nTRZyHZACED6Vu8idhehvO_1oGxuL', '2018-09-26 09:28:08', '2018-09-26 16:28:08'),
(35, '37', 'VYhglDJIGjuWKJjs2RWZhuE7O', 'android', 'fQJjXGfi8SU:APA91bHww5QC2F5wM-GlHI7Zv0eoSXzxx0UrYbQdfsta67eA44EYQ-bAE0NVwcbmPumHzn100nTaJ6c8C3-mj1oBluVEcon71_HyB7ld5Qe0PG2Rwh8ntrMdVdNSRdJzwSbCnNtbDhX1', '2018-09-28 07:32:19', '2018-09-28 14:32:19'),
(36, '38', 'rFthLBlggfxTdXofK2mDS3ewH', 'android', 'fQJjXGfi8SU:APA91bHww5QC2F5wM-GlHI7Zv0eoSXzxx0UrYbQdfsta67eA44EYQ-bAE0NVwcbmPumHzn100nTaJ6c8C3-mj1oBluVEcon71_HyB7ld5Qe0PG2Rwh8ntrMdVdNSRdJzwSbCnNtbDhX1', '2018-09-28 07:34:31', '2018-09-28 14:34:31'),
(37, '39', 'PUTADQ1jki9CH6XbB2DaTBTRu', 'android', 'fQJjXGfi8SU:APA91bHww5QC2F5wM-GlHI7Zv0eoSXzxx0UrYbQdfsta67eA44EYQ-bAE0NVwcbmPumHzn100nTaJ6c8C3-mj1oBluVEcon71_HyB7ld5Qe0PG2Rwh8ntrMdVdNSRdJzwSbCnNtbDhX1', '2018-09-28 07:38:35', '2018-09-28 14:38:35'),
(38, '40', 'HsRyLSOtfUR2rsGItNCFm6mKl', 'website', '132.148.157.197', '2018-10-11 13:14:40', '2018-10-11 20:14:40'),
(39, '41', 'yosR01sIpv2Fj3v2iJorwdeoC', 'android', 'ebymWdNvMYo:APA91bF2p1fswmuym9KaAUARHQY3MGGW_0Hbh0CTm1cZSacMddX3b0_oK8v92_fM15Cj8wngrBIyMlZxCB2Iv2eNkmhyV--cUhGd9nzGULVzcTgt48e73GmFlG8XGrds4Do3ROMyykrf', '2018-10-31 08:49:52', '2018-10-31 15:49:52'),
(40, '42', 'l3hdeWU47A4PDz7loPc0YgUda', 'website', '132.148.157.197', '2018-10-11 20:20:44', '2018-10-11 20:20:44'),
(41, '43', 'pyaLkUzTQkZWGc3W96cD6YDuR', 'website', '132.148.157.197', '2018-10-11 20:24:38', '2018-10-11 20:24:38'),
(42, '44', 'VbIdQwb8qMO5cWzYQLa9jh1Im', 'website', '132.148.157.197', '2018-10-11 20:43:45', '2018-10-11 20:43:45'),
(43, '45', 'pAULAjTDVhBydqxny4ZgvjNA0', 'website', '132.148.157.197', '2018-10-11 20:47:01', '2018-10-11 20:47:01'),
(44, '46', 'wlvn55qxhZUffLszYYkmdVC0g', 'website', '132.148.157.197', '2018-10-11 20:49:20', '2018-10-11 20:49:20'),
(45, '47', 'LoGEGoCHY98Qed4wx1X8PuVxr', 'website', '132.148.157.197', '2018-10-11 21:02:34', '2018-10-11 21:02:34'),
(46, '48', 'RpJeM75VsyKWxKo6HnHxf4yTc', 'website', '132.148.157.197', '2018-10-12 12:54:07', '2018-10-12 12:54:07'),
(47, '49', 'C06FET1QwreJM6BY7pSGpS3D5', 'website', '132.148.157.197', '2018-10-12 13:28:34', '2018-10-12 13:28:34'),
(48, '50', 'GymcJkjCbAzOhrcyeK6mBO8KF', 'website', '132.148.157.197', '2018-10-12 14:21:50', '2018-10-12 14:21:50'),
(49, '51', 'YURUdCND7TwZCMboqkCgvfViU', 'website', '132.148.157.197', '2018-10-12 14:26:03', '2018-10-12 14:26:03'),
(50, '52', 'MwCggXI56JTsXZFj8PbTT8ioU', 'website', '132.148.157.197', '2018-10-12 19:09:56', '2018-10-12 19:09:56'),
(51, '53', 'dIY2ycz742ZG5kcVLJ9ne2FNl', 'android', 'daNsWABITts:APA91bFpwNKlv_BiDT3VnKy8LL6RL6AZcnnsf6nFR6BEDEzrYqZgBfNLp73CLNbnNxtUVOe9eImcZPsyST1bIJ1i5Du17vECXTmXgoFSq858Xc_wd-AU75iUS5uRhYhxoPaAD7hECVsX', '2018-10-15 12:59:37', '2018-10-15 12:59:37'),
(52, '54', 'ZgQVFxA6EJcT3Vba0icRh0ClK', 'website', '132.148.157.197', '2018-10-15 13:14:42', '2018-10-15 20:14:42'),
(53, '55', 'ZBewIBVZbG1iDdZfw0Gxfha5e', 'website', '132.148.157.197', '2018-10-15 20:30:28', '2018-10-15 20:30:28'),
(54, '56', '8T0ly4hEAi9weB8FZvxCBEkbF', 'website', '132.148.157.197', '2018-10-15 20:37:12', '2018-10-15 20:37:12'),
(55, '57', 'mz75KvbMUuwvGoxxCRM6SdmeC', 'website', '132.148.157.197', '2018-10-16 12:56:12', '2018-10-16 12:56:12'),
(56, '58', '7jsDf2Kry6OFWvPQqpqTklqoA', 'android', 'cp6coKVDZm4:APA91bEJR6f8fxYgimvdH3Yf1u1vu-z5LnR2WQ5h3Bln8QLXk7rrwrG6L8Lpk-fa3aylkq8a7DlgVs-JlsxLuRuCo5l353O1eKBSLNj0sf4VZwBxhiscBuJFXQgPZyS5IkZwoctOksx7', '2018-10-17 15:05:52', '2018-10-17 15:05:52'),
(57, '59', 'aV2quXa0plx1IbTqpLqEabqe8', 'android', 'cp6coKVDZm4:APA91bEJR6f8fxYgimvdH3Yf1u1vu-z5LnR2WQ5h3Bln8QLXk7rrwrG6L8Lpk-fa3aylkq8a7DlgVs-JlsxLuRuCo5l353O1eKBSLNj0sf4VZwBxhiscBuJFXQgPZyS5IkZwoctOksx7', '2018-10-17 10:08:25', '2018-10-17 17:08:25'),
(58, '60', 'swyQu4K1f5th4bIx7n4H0J3DE', 'android', 'cp6coKVDZm4:APA91bEJR6f8fxYgimvdH3Yf1u1vu-z5LnR2WQ5h3Bln8QLXk7rrwrG6L8Lpk-fa3aylkq8a7DlgVs-JlsxLuRuCo5l353O1eKBSLNj0sf4VZwBxhiscBuJFXQgPZyS5IkZwoctOksx7', '2018-10-17 16:46:04', '2018-10-17 16:46:04'),
(59, '61', 'BxrQgH4qn81guCjsPQmx4iDHJ', 'ios', '04DCE79696B6CAC38D230612BB0FBCB87B4F819E0C1CB80EAC1235B7F4A967D9', '2018-10-17 09:56:50', '2018-10-17 16:56:50'),
(60, '62', 'qE14teYHAM9yHwFE8DFK7oIuW', 'ios', '0BCFAAB7FE90B4AC865C6EBEE041A2111610895219C2C634DE456F27611D0837', '2018-10-17 09:59:10', '2018-10-17 16:59:10'),
(61, '63', 'jPiTDBNiGU93YGx1KpLcCiS4m', 'ios', '0BCFAAB7FE90B4AC865C6EBEE041A2111610895219C2C634DE456F27611D0837', '2018-10-17 17:04:49', '2018-10-17 17:04:49'),
(62, '64', 'NRLC7VQ0DGW9SjrVlOn5K5NFD', 'ios', 'BB1C8C07116C4E269178AD6CD7B572587971BE34DC3F128BF958FBF6D414F06F', '2018-10-18 07:03:58', '2018-10-18 14:03:58'),
(63, '65', 'sm3qi02t42MpC7GMnDO37q5Pe', 'ios', 'BB1C8C07116C4E269178AD6CD7B572587971BE34DC3F128BF958FBF6D414F06F', '2018-10-18 09:03:12', '2018-10-18 16:03:12'),
(64, '66', 'YJopVRavSOSDDSFcOSzcV1XDm', 'website', '132.148.157.197', '2018-10-17 11:06:48', '2018-10-17 18:06:48'),
(65, '67', 'ZoJUJfiNmOiZ3s2RTY9xU5gbU', 'ios', 'BB1C8C07116C4E269178AD6CD7B572587971BE34DC3F128BF958FBF6D414F06F', '2018-10-18 14:17:44', '2018-10-18 14:17:44'),
(66, '68', 'USwAuZl3NZZWQRdbFHkjbxp7D', 'ios', 'BB1C8C07116C4E269178AD6CD7B572587971BE34DC3F128BF958FBF6D414F06F', '2018-10-18 07:30:18', '2018-10-18 14:30:18'),
(67, '69', 'YNysFD2rckTNvOEhJElgV6bRf', 'ios', '24E881B9FD723BD629CCED5F82F70D423D7B8BD0F30C8649FB2281EA40A46AA0', '2018-10-18 16:06:03', '2018-10-18 23:06:03'),
(74, '76', 'SWtnJthwq84k2ABGJjSA3gxOt', 'android', 'epwz723KnEk:APA91bFQ6c_mGbP2rdKsZUEAUTnHD7NE5P3uzYHHJW19YlKWSSkn17eoXqHvvfKT_jWtiOse6OCN13FsGV6_oQmaYybVsZOfuTmSuXkXS_k3Wu2ByFUO-w2S7W3y8O6eBurJhySw6-Kv', '2018-10-25 12:09:20', '2018-10-25 12:09:20'),
(68, '70', 'eyVlOcS53gD1GJVGnWDuPq1fO', 'ios', '1FED120F65DB841871D9D44C2EC59EE194DAC4A739987B01C621493E1FED0D42', '2018-10-23 17:02:09', '2018-10-23 17:02:09'),
(69, '71', 'JbuLwmW91iV5N5SVnqfbJURmX', 'android', 'fHYY5waT3r4:APA91bFpzCWi2K0deWrrux5s12wDGiyuHi0aDzM9OqjBbSQelVrcpDC2VfR3xjidppcUpLfHPNnecde2dcvrWxF67ktOExrDQMzcyB_lY7g9SEEE66hwwa_dVX4TeXX_gS1BcMo0j__F', '2018-10-24 13:04:33', '2018-10-24 20:04:33'),
(70, '72', 'XGKOhSpmFoysUGWYQuTv8d8bF', 'ios', '2E75388F82F79DD85660D5F06513089739372982D718E25A45C701BFB21F4128', '2018-10-24 14:15:43', '2018-10-24 14:15:43'),
(71, '73', 'd37J2GxpCbozEczX4J73eHFEK', 'website', '132.148.157.197', '2018-10-24 14:31:22', '2018-10-24 14:31:22'),
(72, '74', 'mz87u0JOVa5Ce9P56d6ohEbc5', 'ios', '2E75388F82F79DD85660D5F06513089739372982D718E25A45C701BFB21F4128', '2018-10-24 14:37:24', '2018-10-24 14:37:24'),
(73, '75', 'MlnVTep84jcMIENVzImUEHYMO', 'ios', '1FED120F65DB841871D9D44C2EC59EE194DAC4A739987B01C621493E1FED0D42', '2018-10-24 13:03:10', '2018-10-24 20:03:10'),
(75, '77', 'VAgoK7bkGTypXKf0zTgDccbxq', 'android', 'epwz723KnEk:APA91bFQ6c_mGbP2rdKsZUEAUTnHD7NE5P3uzYHHJW19YlKWSSkn17eoXqHvvfKT_jWtiOse6OCN13FsGV6_oQmaYybVsZOfuTmSuXkXS_k3Wu2ByFUO-w2S7W3y8O6eBurJhySw6-Kv', '2018-10-25 09:50:51', '2018-10-25 16:50:51'),
(76, '78', 'xCI9uzTFpsx07KXGfQ6SSvbsE', 'android', 'epwz723KnEk:APA91bFQ6c_mGbP2rdKsZUEAUTnHD7NE5P3uzYHHJW19YlKWSSkn17eoXqHvvfKT_jWtiOse6OCN13FsGV6_oQmaYybVsZOfuTmSuXkXS_k3Wu2ByFUO-w2S7W3y8O6eBurJhySw6-Kv', '2018-10-25 13:58:42', '2018-10-25 13:58:42'),
(85, '87', '5bf25a0068daa', 'website', '5bf25a0068de4', '2018-11-19 13:36:48', '2018-11-19 13:36:48'),
(82, '84', 'C9Lg1Tj152dPu0jjIB9Gu09VP', 'website', '132.148.157.197', '2018-11-01 14:32:05', '2018-11-01 21:32:05'),
(78, '80', 'iVvJ2uCymqD94mbyECFnzxCu4', 'website', '132.148.157.197', '2018-10-31 13:31:33', '2018-10-31 20:31:33'),
(77, '79', 's0le7KUw6QODlOyI9l21q9KDh', 'website', '132.148.157.197', '2018-11-03 10:43:33', '2018-11-03 17:43:33'),
(79, '81', 'yPmS83ER7u0uu4I8bnnBo1tJk', 'website', '132.148.157.197', '2018-11-01 14:09:26', '2018-11-01 21:09:26'),
(81, '83', '8ruwlJ3IkG5PpkwPnFhK0X7lo', 'website', '132.148.157.197', '2018-11-02 06:44:39', '2018-11-02 13:44:39'),
(80, '82', 'Zs2392EqJmUO9mmG4FuyqNpJe', 'website', '132.148.157.197', '2018-11-01 17:19:18', '2018-11-01 17:19:18'),
(83, '85', 'JeKFYbExrEcWbzSgdSfZZFzrT', 'website', '132.148.157.197', '2018-11-02 05:55:28', '2018-11-02 12:55:28'),
(84, '86', 'grKWFAipAQVMn9T9tK1FgdfGG', 'website', '132.148.157.197', '2018-11-02 06:28:07', '2018-11-02 13:28:07'),
(88, '93', '5bf3e32900e5f', 'website', '5bf3e32900e97', '2018-11-20 17:34:17', '2018-11-20 17:34:17'),
(89, '94', 'NS7TQdVDrzc6bFDkM0JcnFTXP', 'website', '132.148.157.197', '2018-11-20 11:36:44', '2018-11-20 18:36:44'),
(90, '95', '5bf3e3f23668a', 'website', '5bf3e3f2366c1', '2018-11-20 17:37:38', '2018-11-20 17:37:38'),
(91, '99', '5bf3e73a60654', 'website', '5bf3e73a6068b', '2018-11-20 17:51:38', '2018-11-20 17:51:38'),
(92, '100', '5bf3e771100a9', 'website', '5bf3e771100e0', '2018-11-20 17:52:33', '2018-11-20 17:52:33'),
(93, '101', '5bf3e7cf28c06', 'website', '5bf3e7cf28c3e', '2018-11-20 17:54:07', '2018-11-20 17:54:07'),
(94, '102', '5bf3e7e7d3125', 'website', '5bf3e7e7d315d', '2018-11-20 17:54:31', '2018-11-20 17:54:31'),
(95, '103', '4BTLpwcBkR6aUn1DOhoFOVfnC', 'website', '132.148.157.197', '2018-11-20 12:08:08', '2018-11-20 19:08:08'),
(96, '105', 's9SOv4DITcrbcTOosI4ljfqdb', 'ios', 'Simulatorb1e2d3bb55d44bfc4492bd33aac79afeaee474e92c12138e18b021e2326', '2018-11-26 14:18:43', '2018-11-26 21:18:43'),
(97, '106', '5bf3fb2c309e2', 'website', '5bf3fb2c30a19', '2018-11-20 19:16:44', '2018-11-20 19:16:44'),
(98, '107', '5bf3fbe86150f', 'website', '5bf3fbe861546', '2018-11-20 19:19:52', '2018-11-20 19:19:52'),
(99, '108', '5bf409d2aa09e', 'website', '5bf409d2aa0e0', '2018-11-20 20:19:14', '2018-11-20 20:19:14'),
(100, '109', '5bf40c04ee3ad', 'website', '5bf40c04ee3e6', '2018-11-20 20:28:36', '2018-11-20 20:28:36'),
(101, '110', '5bf40c5a442f6', 'website', '5bf40c5a4432d', '2018-11-20 20:30:02', '2018-11-20 20:30:02'),
(102, '111', '5bf40c9d9b61e', 'website', '5bf40c9d9b655', '2018-11-20 20:31:09', '2018-11-20 20:31:09'),
(103, '112', '5bf40d4688e4f', 'website', '5bf40d4688e86', '2018-11-20 20:33:58', '2018-11-20 20:33:58'),
(104, '113', '5bf40e75814d5', 'website', '5bf40e758150d', '2018-11-20 20:39:01', '2018-11-20 20:39:01'),
(105, '114', '5bf40fece6c07', 'website', '5bf40fece6c42', '2018-11-20 20:45:16', '2018-11-20 20:45:16'),
(106, '115', '5bf410cdd4e33', 'website', '5bf410cdd4e6a', '2018-11-20 20:49:01', '2018-11-20 20:49:01'),
(107, '116', '5bf415b999dc0', 'website', '5bf415b999df7', '2018-11-20 21:10:01', '2018-11-20 21:10:01'),
(108, '117', '5bf416722f011', 'website', '5bf416722f049', '2018-11-20 21:13:06', '2018-11-20 21:13:06'),
(115, '124', 'DS57Z31Yh7CbDXhHn5DpC83Sv', 'ios', '97B2E390F709C818B78AFF31714AD4537C725EB3146AC73F9B01C68788C7AE49', '2018-11-29 07:14:17', '2018-11-29 14:14:17'),
(109, '118', 'Qu6q8ZOiBtj7EUmJUq2JRXmqM', 'android', 'cQpB2Y4xFHY:APA91bGAz5h1ir5wIcZ66GzTZ4CZz3vMQRUTfYZZ8zUlW6bYjUlfhIPNY5UYBVG3LooO9FuvmEjQJKlSpsEaSgEu0RjD9B8ejP69hTY8jK9QF2PEpWpUq-XXzRKEk9_F5bL4X5KJHsuT', '2018-11-21 12:40:52', '2018-11-21 19:40:52'),
(110, '119', 'kjNDYDD2cbdu64ebQiBcYCE3o', 'ios', '1FED120F65DB841871D9D44C2EC59EE194DAC4A739987B01C621493E1FED0D42', '2018-11-21 13:06:24', '2018-11-21 20:06:24'),
(111, '120', '1UpoTp8QxToY0tTh0h0EwRyKi', 'android', 'fOO6C8Nu77Q:APA91bHcA7tcCt0Ty4Oq-IfBzMlbyA49mw0CcZ1u-d37WSzx-0nvTGuZoyb3W61jVDIUpOy_8Uqlxjr-y_Rm1Nv_U8YOOsOOK6XAUqh1ahEfKWqs0WjteBKpgl62yb0L-Z6jaMYS-LKo', '2018-11-28 09:48:34', '2018-11-28 16:48:34'),
(112, '121', 'jHk2FK2ENcwlDYEDR1r7nzbeP', 'android', 'cwMTRz31XZE:APA91bHsPTNZ_OCdfTy8ZrNzVX0dKY2cTbGk3p8755UKK0iMrzXrW_CcjnwJz0lkkYdzicZI0RIPUiKZa-u8bgOlEjoFLtQJpLSyhxzv1pfWmUmbD001sgOKWzhE24p33m0UIk80dNhR', '2018-11-23 10:18:16', '2018-11-23 17:18:16'),
(113, '122', 'puh70hcnQinIs5SuttFPRCW9I', 'android', 'fOO6C8Nu77Q:APA91bHcA7tcCt0Ty4Oq-IfBzMlbyA49mw0CcZ1u-d37WSzx-0nvTGuZoyb3W61jVDIUpOy_8Uqlxjr-y_Rm1Nv_U8YOOsOOK6XAUqh1ahEfKWqs0WjteBKpgl62yb0L-Z6jaMYS-LKo', '2018-11-27 05:58:41', '2018-11-27 12:58:41'),
(114, '123', 'UYFn9HgriVH2fRtVhybMssEOh', 'ios', 'Simulatorb1e2d3bb55d44bfc4492bd33aac79afeaee474e92c12138e18b021e2326', '2018-11-26 14:04:21', '2018-11-26 21:04:21');

-- --------------------------------------------------------

--
-- Table structure for table `insurances`
--

CREATE TABLE `insurances` (
  `id` int(11) NOT NULL,
  `name` varchar(500) NOT NULL,
  `created_at` timestamp NOT NULL DEFAULT CURRENT_TIMESTAMP ON UPDATE CURRENT_TIMESTAMP,
  `updated_at` timestamp NOT NULL DEFAULT '0000-00-00 00:00:00'
) ENGINE=MyISAM DEFAULT CHARSET=latin1;

--
-- Dumping data for table `insurances`
--

INSERT INTO `insurances` (`id`, `name`, `created_at`, `updated_at`) VALUES
(74, 'Efgh', '2018-11-27 13:29:41', '2018-11-27 13:29:41'),
(4, 'Ins', '2018-08-07 14:04:17', '2018-08-07 16:27:01'),
(5, 'Ins2', '2018-08-07 14:09:16', '2018-08-07 16:27:01'),
(6, 'Kotak Life', '2018-08-07 16:27:01', '2018-08-07 16:27:01'),
(7, 'Sbi Life Insurance', '2018-08-16 17:29:11', '2018-08-16 17:29:11'),
(8, 'Kotack Mahindra', '2018-08-16 17:29:11', '2018-08-16 17:29:11'),
(9, 'Metlife', '2018-08-17 17:31:52', '2018-08-17 17:31:52'),
(10, 'Kotak', '2018-08-20 15:33:25', '2018-08-20 15:33:25'),
(11, 'Kotak Mahindra', '2018-08-20 15:33:25', '2018-08-20 15:33:25'),
(12, 'Sbi', '2018-08-20 15:33:25', '2018-08-20 15:33:25'),
(13, 'Lic', '2018-08-20 15:33:25', '2018-08-20 15:33:25'),
(14, 'Lic Jeevan ', '2018-08-20 15:33:25', '2018-08-20 15:33:25'),
(15, 'Lic Premium', '2018-08-20 15:33:25', '2018-08-20 15:33:25'),
(16, 'Sbi Life Inssurance ', '2018-08-20 16:30:11', '2018-08-20 16:30:11'),
(17, 'Life Bhupa', '2018-08-20 16:30:11', '2018-08-20 16:30:11'),
(18, 'Nextcare', '2018-08-21 18:19:47', '2018-08-21 18:19:47'),
(19, 'Neuron', '2018-08-21 18:19:47', '2018-08-21 18:19:47'),
(20, 'xyz', '2018-11-02 10:56:00', '2018-09-12 14:54:08'),
(21, 'i year skin insureance', '2018-09-12 14:54:08', '2018-09-12 14:54:08'),
(22, '2 year insureance', '2018-09-12 14:54:08', '2018-09-12 14:54:08'),
(23, 'manik garg S', '2018-09-28 14:36:35', '2018-09-28 14:36:35'),
(73, 'Abcd', '2018-11-27 13:29:41', '2018-11-27 13:29:41'),
(31, 'Future Generali Insurance', '2018-10-18 19:15:53', '2018-10-18 19:15:53'),
(30, 'ali', '2018-10-15 20:18:19', '2018-10-15 20:18:19'),
(32, 'PNB MetLife Insurance', '2018-10-18 19:16:16', '2018-10-18 19:16:16'),
(33, '×Friday', '2018-10-18 19:38:49', '2018-10-18 19:38:49'),
(34, '×Sunday', '2018-10-18 19:41:17', '2018-10-18 19:41:17'),
(35, '×Thursday', '2018-10-18 19:53:19', '2018-10-18 19:53:19'),
(36, 'dcdcdcd', '2018-10-23 12:47:58', '2018-10-23 12:47:58'),
(37, 'flight', '2018-10-23 14:15:17', '2018-10-23 14:15:17'),
(38, 'xyz', '2018-10-23 16:24:06', '2018-10-23 16:24:06'),
(39, 'SBI health', '2018-10-23 16:25:05', '2018-10-23 16:25:05'),
(40, 'dags', '2018-10-23 20:28:56', '2018-10-23 20:28:56'),
(72, 'Test', '2018-11-22 17:45:54', '2018-11-22 17:45:54'),
(42, 'gshhd', '2018-10-24 18:21:12', '2018-10-24 18:21:12'),
(43, 'Star Health', '2018-10-25 12:09:20', '2018-10-25 12:09:20'),
(44, ' nextcare', '2018-10-25 13:29:13', '2018-10-25 13:29:13'),
(45, ' neuron', '2018-10-25 13:29:13', '2018-10-25 13:29:13'),
(46, ' Axa', '2018-10-30 12:23:13', '2018-10-30 12:23:13'),
(47, ' MetLife', '2018-10-31 12:45:06', '2018-10-31 12:45:06'),
(48, 'icici', '2018-11-01 20:30:41', '2018-11-01 20:30:41'),
(49, 'pnb', '2018-11-01 20:30:41', '2018-11-01 20:30:41'),
(51, 'HDFC', '2018-11-02 12:51:51', '2018-11-02 12:51:51'),
(52, 'punjab', '2018-11-02 17:37:03', '2018-11-02 17:37:03'),
(71, 'ABC Life', '2018-11-21 20:04:00', '2018-11-21 20:04:00'),
(54, 'masawwar', '2018-11-03 14:03:01', '2018-11-03 14:03:01'),
(55, 'ICICI Health', '2018-11-03 18:08:15', '2018-11-03 18:08:15'),
(56, 'ABC Health', '2018-11-03 18:08:29', '2018-11-03 18:08:29'),
(57, 'PNB Life', '2018-11-03 18:15:13', '2018-11-03 18:15:13'),
(58, 'XYZ Health', '2018-11-03 18:15:40', '2018-11-03 18:15:40'),
(70, 'SBI Life', '2018-11-20 20:17:38', '2018-11-20 20:17:38'),
(61, 'ICICI Life', '2018-11-03 18:44:37', '2018-11-03 18:44:37'),
(62, 'PNB Metlife', '2018-11-03 18:52:38', '2018-11-03 18:52:38'),
(63, 'ram pratap', '2018-11-05 18:05:00', '2018-11-05 18:05:00'),
(69, 'kota', '2018-11-20 18:23:38', '2018-11-20 18:23:38'),
(68, 'sqs', '2018-11-20 16:54:58', '2018-11-20 16:54:58'),
(67, '', '2018-11-20 15:54:45', '2018-11-20 15:54:45'),
(75, 'jeevandaan', '2018-11-29 14:01:12', '2018-11-29 14:01:12'),
(76, ' notknown', '2018-11-29 14:01:12', '2018-11-29 14:01:12');

-- --------------------------------------------------------

--
-- Table structure for table `likes`
--

CREATE TABLE `likes` (
  `id` int(11) NOT NULL,
  `user_id` varchar(250) NOT NULL,
  `post_id` varchar(250) NOT NULL,
  `usertype` varchar(250) NOT NULL DEFAULT 'user',
  `created_at` timestamp NOT NULL DEFAULT CURRENT_TIMESTAMP ON UPDATE CURRENT_TIMESTAMP,
  `updated_at` timestamp NOT NULL DEFAULT '0000-00-00 00:00:00'
) ENGINE=MyISAM DEFAULT CHARSET=latin1;

--
-- Dumping data for table `likes`
--

INSERT INTO `likes` (`id`, `user_id`, `post_id`, `usertype`, `created_at`, `updated_at`) VALUES
(2, '6', '4', 'user', '2018-09-10 20:27:02', '2018-09-10 20:27:02'),
(3, '8', '4', 'doctor', '2018-09-11 15:10:52', '2018-09-11 15:10:52'),
(4, '11', '5', 'doctor', '2018-09-12 16:47:37', '2018-09-12 16:47:37'),
(5, '23', '6', 'user', '2018-09-17 17:27:32', '2018-09-17 17:27:32'),
(6, '23', '3', 'user', '2018-09-17 17:52:16', '2018-09-17 17:52:16'),
(8, '11', '2', 'doctor', '2018-09-21 13:21:47', '2018-09-21 13:21:47'),
(9, '13', '3', 'doctor', '2018-09-27 13:13:57', '2018-09-27 13:13:57'),
(10, '11', '3', 'doctor', '2018-09-27 13:22:07', '2018-09-27 13:22:07'),
(11, '23', '2', 'user', '2018-09-27 15:56:31', '2018-09-27 15:56:31'),
(12, '23', '40', 'user', '2018-10-12 12:54:33', '2018-10-12 12:54:33'),
(13, '11', '41', 'doctor', '2018-10-12 14:22:23', '2018-10-12 14:22:23'),
(14, '23', '42', 'user', '2018-10-12 14:24:10', '2018-10-12 14:24:10'),
(15, '11', '42', 'doctor', '2018-10-12 14:25:05', '2018-10-12 14:25:05'),
(16, '23', '41', 'user', '2018-10-12 14:25:08', '2018-10-12 14:25:08'),
(18, '34', '42', 'user', '2018-10-16 13:35:27', '2018-10-16 13:35:27'),
(21, '11', '55', 'doctor', '2018-10-18 16:29:17', '2018-10-18 16:29:17'),
(22, '19', '55', 'doctor', '2018-10-18 17:38:37', '2018-10-18 17:38:37'),
(24, '19', '56', 'doctor', '2018-10-18 21:39:08', '2018-10-18 21:39:08'),
(25, '69', '64', 'doctor', '2018-10-18 23:07:25', '2018-10-18 23:07:25'),
(26, '11', '66', 'doctor', '2018-10-22 21:30:44', '2018-10-22 21:30:44'),
(27, '71', '58', 'doctor', '2018-10-24 19:06:45', '2018-10-24 19:06:45'),
(30, '71', '66', 'doctor', '2018-10-24 19:07:04', '2018-10-24 19:07:04'),
(54, '40', '66', 'user', '2018-10-25 12:45:06', '2018-10-25 12:45:06'),
(55, '40', '65', 'user', '2018-10-25 12:45:42', '2018-10-25 12:45:42'),
(57, '40', '75', 'user', '2018-10-25 12:46:31', '2018-10-25 12:46:31'),
(58, '23', '75', 'user', '2018-10-25 12:57:48', '2018-10-25 12:57:48'),
(60, '23', '66', 'user', '2018-10-25 12:59:23', '2018-10-25 12:59:23'),
(61, '40', '58', 'user', '2018-10-25 13:56:01', '2018-10-25 13:56:01'),
(62, '77', '76', 'doctor', '2018-10-25 15:34:36', '2018-10-25 15:34:36'),
(63, '77', '75', 'doctor', '2018-10-25 15:47:53', '2018-10-25 15:47:53'),
(64, '19', '75', 'doctor', '2018-10-25 15:49:24', '2018-10-25 15:49:24'),
(65, '19', '76', 'doctor', '2018-10-25 15:49:33', '2018-10-25 15:49:33'),
(68, '40', '76', 'user', '2018-10-25 16:49:45', '2018-10-25 16:49:45'),
(67, '40', '56', 'user', '2018-10-25 16:12:09', '2018-10-25 16:12:09'),
(69, '23', '76', 'user', '2018-10-25 21:14:34', '2018-10-25 21:14:34'),
(70, '23', '79', 'user', '2018-11-21 18:05:33', '2018-11-21 18:05:33'),
(71, '46', '80', 'user', '2018-11-21 18:20:04', '2018-11-21 18:20:04'),
(72, '46', '79', 'user', '2018-11-21 18:20:24', '2018-11-21 18:20:24'),
(78, '51', '109', 'user', '2018-11-28 16:48:33', '2018-11-28 16:48:33'),
(76, '48', '92', 'user', '2018-11-22 19:28:41', '2018-11-22 19:28:41'),
(87, '124', '109', 'doctor', '2018-11-29 14:16:34', '2018-11-29 14:16:34'),
(83, '124', '107', 'doctor', '2018-11-29 14:14:52', '2018-11-29 14:14:52'),
(85, '124', '111', 'doctor', '2018-11-29 14:15:41', '2018-11-29 14:15:41');

-- --------------------------------------------------------

--
-- Table structure for table `messages`
--

CREATE TABLE `messages` (
  `identifier_message_number` varchar(500) NOT NULL,
  `message` varchar(1000) NOT NULL,
  `fromuser` varchar(500) NOT NULL,
  `created_at` timestamp NOT NULL DEFAULT CURRENT_TIMESTAMP ON UPDATE CURRENT_TIMESTAMP,
  `updated_at` timestamp NOT NULL DEFAULT '0000-00-00 00:00:00'
) ENGINE=MyISAM DEFAULT CHARSET=latin1;

-- --------------------------------------------------------

--
-- Table structure for table `migrations`
--

CREATE TABLE `migrations` (
  `id` int(10) UNSIGNED NOT NULL,
  `migration` varchar(255) COLLATE utf8mb4_unicode_ci NOT NULL,
  `batch` int(11) NOT NULL
) ENGINE=InnoDB DEFAULT CHARSET=utf8mb4 COLLATE=utf8mb4_unicode_ci;

-- --------------------------------------------------------

--
-- Table structure for table `notifications`
--

CREATE TABLE `notifications` (
  `id` int(11) NOT NULL,
  `sender_id` varchar(500) NOT NULL,
  `receiver_id` varchar(500) NOT NULL,
  `usertype` varchar(500) NOT NULL,
  `data` varchar(1000) NOT NULL,
  `status` varchar(250) NOT NULL DEFAULT '0',
  `created_at` timestamp NOT NULL DEFAULT CURRENT_TIMESTAMP ON UPDATE CURRENT_TIMESTAMP,
  `updated_at` timestamp NOT NULL DEFAULT '0000-00-00 00:00:00'
) ENGINE=MyISAM DEFAULT CHARSET=latin1;

--
-- Dumping data for table `notifications`
--

INSERT INTO `notifications` (`id`, `sender_id`, `receiver_id`, `usertype`, `data`, `status`, `created_at`, `updated_at`) VALUES
(1, '123', '23', 'doctor', '{\"msg\":\"Oxford confirm booking on  26\\/11\\/2018\",\"image\":\"https:\\/\\/mydoctoruae.com\\/public\\/img\\/user_signup.png\"}', '1', '2018-11-26 16:15:25', '2018-11-26 23:15:25'),
(2, '123', '23', 'doctor', '{\"msg\":\"Oxford confirm booking on  26\\/11\\/2018\",\"image\":\"https:\\/\\/mydoctoruae.com\\/public\\/img\\/user_signup.png\"}', '1', '2018-11-26 16:15:25', '2018-11-26 23:15:25'),
(3, '23', '122', 'user', '{\"msg\":\"rajeev sent invitation on 26\\/11\\/2018\",\"image\":\"https:\\/\\/mydoctoruae.com\\/public\\/userimage\\/4267ef26f1390f1b83f2d2cef7efec2f9590.jpg\"}', '0', '2018-11-26 22:21:33', '2018-11-26 22:21:33'),
(4, '122', '23', 'doctor', '{\"msg\":\"Bruce Lee confirm booking on  26\\/11\\/2018\",\"image\":\"https:\\/\\/mydoctoruae.com\\/public\\/userimage\\/7e7b867d3f08fc4f5ca6909de6fdb6592624.jpg\"}', '1', '2018-11-26 16:15:25', '2018-11-26 23:15:25'),
(5, '122', '23', 'doctor', '{\"msg\":\"Bruce Lee confirm booking on  26\\/11\\/2018\",\"image\":\"https:\\/\\/mydoctoruae.com\\/public\\/userimage\\/7e7b867d3f08fc4f5ca6909de6fdb6592624.jpg\"}', '1', '2018-11-26 16:15:25', '2018-11-26 23:15:25'),
(6, '23', '122', 'user', '{\"msg\":\"rajeev sent invitation on 26\\/11\\/2018\",\"image\":\"https:\\/\\/mydoctoruae.com\\/public\\/userimage\\/4267ef26f1390f1b83f2d2cef7efec2f9590.jpg\"}', '0', '2018-11-26 22:29:36', '2018-11-26 22:29:36'),
(7, '122', '23', 'doctor', '{\"msg\":\"Bruce Lee confirm booking on  26\\/11\\/2018\",\"image\":\"https:\\/\\/mydoctoruae.com\\/public\\/userimage\\/7e7b867d3f08fc4f5ca6909de6fdb6592624.jpg\"}', '1', '2018-11-26 16:15:25', '2018-11-26 23:15:25'),
(8, '23', '120', 'user', '{\"msg\":\"rajeev sent invitation on 28\\/11\\/2018\",\"image\":\"https:\\/\\/mydoctoruae.com\\/public\\/userimage\\/4267ef26f1390f1b83f2d2cef7efec2f9590.jpg\"}', '1', '2018-11-28 09:54:44', '2018-11-28 16:54:44'),
(9, '120', '23', 'doctor', '{\"msg\":\"Dr Prasad confirm booking on  28\\/11\\/2018\",\"image\":\"https:\\/\\/mydoctoruae.com\\/public\\/userimage\\/9886d8f6322522eab2dd8e53ae3101133083.jpg\"}', '0', '2018-11-28 16:53:14', '2018-11-28 16:53:14'),
(10, '51', '105', 'user', '{\"msg\":\"rounaque sent invitation on 28\\/11\\/2018\",\"image\":\"https:\\/\\/mydoctoruae.com\\/public\\/userimage\\/64cfd3b4cad7706de86a7e602861d49c3637.jpg\"}', '0', '2018-11-28 17:07:51', '2018-11-28 17:07:51'),
(11, '51', '121', 'user', '{\"msg\":\"rounaque sent invitation on 28\\/11\\/2018\",\"image\":\"https:\\/\\/mydoctoruae.com\\/public\\/userimage\\/64cfd3b4cad7706de86a7e602861d49c3637.jpg\"}', '0', '2018-11-28 20:29:42', '2018-11-28 20:29:42'),
(12, '51', '105', 'user', '{\"msg\":\"rounaque sent invitation on 28\\/11\\/2018\",\"image\":\"https:\\/\\/mydoctoruae.com\\/public\\/userimage\\/64cfd3b4cad7706de86a7e602861d49c3637.jpg\"}', '0', '2018-11-28 20:30:52', '2018-11-28 20:30:52'),
(13, '51', '105', 'user', '{\"msg\":\"rounaque sent invitation on 28\\/11\\/2018\",\"image\":\"https:\\/\\/mydoctoruae.com\\/public\\/userimage\\/64cfd3b4cad7706de86a7e602861d49c3637.jpg\"}', '0', '2018-11-28 20:31:04', '2018-11-28 20:31:04'),
(14, '51', '105', 'user', '{\"msg\":\"rounaque sent invitation on 28\\/11\\/2018\",\"image\":\"https:\\/\\/mydoctoruae.com\\/public\\/userimage\\/64cfd3b4cad7706de86a7e602861d49c3637.jpg\"}', '0', '2018-11-28 20:37:24', '2018-11-28 20:37:24'),
(15, '51', '105', 'user', '{\"msg\":\"rounaque sent invitation on 28\\/11\\/2018\",\"image\":\"https:\\/\\/mydoctoruae.com\\/public\\/userimage\\/64cfd3b4cad7706de86a7e602861d49c3637.jpg\"}', '0', '2018-11-28 20:37:36', '2018-11-28 20:37:36'),
(16, '51', '105', 'user', '{\"msg\":\"rounaque sent invitation on 28\\/11\\/2018\",\"image\":\"https:\\/\\/mydoctoruae.com\\/public\\/userimage\\/64cfd3b4cad7706de86a7e602861d49c3637.jpg\"}', '0', '2018-11-28 20:39:58', '2018-11-28 20:39:58'),
(17, '51', '105', 'user', '{\"msg\":\"rounaque sent invitation on 28\\/11\\/2018\",\"image\":\"https:\\/\\/mydoctoruae.com\\/public\\/userimage\\/64cfd3b4cad7706de86a7e602861d49c3637.jpg\"}', '0', '2018-11-28 20:40:04', '2018-11-28 20:40:04'),
(18, '51', '105', 'user', '{\"msg\":\"rounaque sent invitation on 28\\/11\\/2018\",\"image\":\"https:\\/\\/mydoctoruae.com\\/public\\/userimage\\/64cfd3b4cad7706de86a7e602861d49c3637.jpg\"}', '0', '2018-11-28 20:40:10', '2018-11-28 20:40:10'),
(19, '51', '121', 'user', '{\"msg\":\"rounaque sent invitation on 28\\/11\\/2018\",\"image\":\"https:\\/\\/mydoctoruae.com\\/public\\/userimage\\/64cfd3b4cad7706de86a7e602861d49c3637.jpg\"}', '0', '2018-11-28 20:40:53', '2018-11-28 20:40:53'),
(20, '51', '122', 'user', '{\"msg\":\"rounaque sent invitation on 28\\/11\\/2018\",\"image\":\"https:\\/\\/mydoctoruae.com\\/public\\/userimage\\/64cfd3b4cad7706de86a7e602861d49c3637.jpg\"}', '0', '2018-11-28 20:41:28', '2018-11-28 20:41:28'),
(21, '51', '120', 'user', '{\"msg\":\"rounaque sent invitation on 28\\/11\\/2018\",\"image\":\"https:\\/\\/mydoctoruae.com\\/public\\/userimage\\/64cfd3b4cad7706de86a7e602861d49c3637.jpg\"}', '0', '2018-11-28 20:41:56', '2018-11-28 20:41:56'),
(22, '51', '105', 'user', '{\"msg\":\"rounaque sent invitation on 28\\/11\\/2018\",\"image\":\"https:\\/\\/mydoctoruae.com\\/public\\/userimage\\/64cfd3b4cad7706de86a7e602861d49c3637.jpg\"}', '0', '2018-11-28 20:42:48', '2018-11-28 20:42:48'),
(23, '51', '122', 'user', '{\"msg\":\"rounaque sent invitation on 28\\/11\\/2018\",\"image\":\"https:\\/\\/mydoctoruae.com\\/public\\/userimage\\/64cfd3b4cad7706de86a7e602861d49c3637.jpg\"}', '0', '2018-11-28 20:44:20', '2018-11-28 20:44:20'),
(24, '40', '118', 'user', '{\"msg\":\"rounaque sent invitation on 29\\/11\\/2018\",\"image\":\"https:\\/\\/mydoctoruae.com\\/public\\/userimage\\/7150fa5921cc46e18f22983a67c693de3644.jpg\"}', '0', '2018-11-29 13:16:27', '2018-11-29 13:16:27'),
(25, '40', '118', 'user', '{\"msg\":\"rounaque sent invitation on 29\\/11\\/2018\",\"image\":\"https:\\/\\/mydoctoruae.com\\/public\\/userimage\\/7150fa5921cc46e18f22983a67c693de3644.jpg\"}', '0', '2018-11-29 13:17:00', '2018-11-29 13:17:00'),
(26, '51', '121', 'user', '{\"msg\":\"rounaque sent invitation on 29\\/11\\/2018\",\"image\":\"https:\\/\\/mydoctoruae.com\\/public\\/userimage\\/64cfd3b4cad7706de86a7e602861d49c3637.jpg\"}', '0', '2018-11-29 13:24:47', '2018-11-29 13:24:47');

-- --------------------------------------------------------

--
-- Table structure for table `otps`
--

CREATE TABLE `otps` (
  `id` int(11) NOT NULL,
  `phone` varchar(250) NOT NULL,
  `otp` varchar(250) NOT NULL,
  `created_at` timestamp NOT NULL DEFAULT CURRENT_TIMESTAMP ON UPDATE CURRENT_TIMESTAMP,
  `updated_at` timestamp NOT NULL DEFAULT '0000-00-00 00:00:00'
) ENGINE=MyISAM DEFAULT CHARSET=latin1;

--
-- Dumping data for table `otps`
--

INSERT INTO `otps` (`id`, `phone`, `otp`, `created_at`, `updated_at`) VALUES
(1, '556548169', '2657', '2018-09-11 13:10:38', '2018-09-11 13:10:38'),
(2, '552696969', '7365', '2018-09-11 09:33:31', '2018-09-11 16:33:31'),
(3, '+971557125874', '7062', '2018-09-11 16:32:03', '2018-09-11 16:32:03'),
(4, '+971554478524', '1093', '2018-09-11 18:33:49', '2018-09-11 18:33:49'),
(5, '559632587', '7018', '2018-09-28 05:55:46', '2018-09-28 12:55:46'),
(6, '553693694', '7281', '2018-09-18 13:40:09', '2018-09-18 13:40:09'),
(7, '7896541230', '3548', '2018-09-21 07:41:09', '2018-09-21 14:41:09'),
(8, '552369874', '8269', '2018-09-26 14:33:13', '2018-09-26 14:33:13'),
(9, '556939638', '4898', '2018-09-26 08:52:18', '2018-09-26 15:52:18'),
(10, '552369856', '9823', '2018-09-26 09:06:54', '2018-09-26 16:06:54'),
(11, '551478523', '7617', '2018-10-12 14:54:05', '2018-10-12 14:54:05'),
(12, '557774125', '8952', '2018-10-12 15:00:57', '2018-10-12 15:00:57'),
(13, '552587412', '6301', '2018-10-12 15:04:37', '2018-10-12 15:04:37'),
(14, '551236985', '9506', '2018-10-12 08:27:09', '2018-10-12 15:27:09'),
(15, '557275412', '1600', '2018-10-12 15:11:08', '2018-10-12 15:11:08'),
(16, '551236958', '4236', '2018-10-12 15:17:17', '2018-10-12 15:17:17'),
(17, '551236980', '1482', '2018-10-12 15:19:08', '2018-10-12 15:19:08'),
(18, '558524631', '3826', '2018-10-12 15:23:57', '2018-10-12 15:23:57'),
(19, '552146325', '9778', '2018-10-12 15:25:37', '2018-10-12 15:25:37'),
(20, '551283627', '8331', '2018-10-17 16:11:42', '2018-10-17 16:11:42'),
(21, '551470258', '8541', '2018-10-17 16:31:16', '2018-10-17 16:31:16'),
(22, '042845722', '4020', '2018-10-20 13:20:08', '2018-10-20 13:20:08'),
(23, '97123456', '7627', '2018-10-23 05:49:31', '2018-10-23 12:49:31'),
(24, '551209635', '3165', '2018-10-23 16:58:57', '2018-10-23 16:58:57'),
(25, '557278145', '4189', '2018-10-24 12:15:41', '2018-10-24 19:15:41'),
(26, '557585588', '4292', '2018-10-24 12:33:54', '2018-10-24 19:33:54'),
(27, '551234567', '4574', '2018-10-24 19:46:36', '2018-10-24 19:46:36'),
(28, '552858885', '4274', '2018-10-24 13:24:21', '2018-10-24 20:24:21'),
(29, '0559344171', '9998', '2018-10-25 12:51:35', '2018-10-25 12:51:35'),
(30, '0565072676', '6343', '2018-10-25 13:11:02', '2018-10-25 13:11:02'),
(31, '551234566', '8736', '2018-10-25 22:43:05', '2018-10-25 22:43:05'),
(32, '552696963', '3542', '2018-11-21 11:17:21', '2018-11-21 18:17:21'),
(33, '048807877', '8440', '2018-11-22 15:10:09', '2018-11-22 15:10:09'),
(34, '552612345', '4688', '2018-11-22 10:22:49', '2018-11-22 17:22:49'),
(35, '552612365', '3044', '2018-11-22 18:42:03', '2018-11-22 18:42:03'),
(36, '566492231', '8160', '2018-11-27 06:37:14', '2018-11-27 13:37:14'),
(37, '552525252', '8368', '2018-11-27 13:50:09', '2018-11-27 13:50:09'),
(38, '552583695', '4968', '2018-11-28 12:31:25', '2018-11-28 12:31:25');

-- --------------------------------------------------------

--
-- Table structure for table `plans`
--

CREATE TABLE `plans` (
  `id` int(11) NOT NULL,
  `doctor_id` varchar(500) NOT NULL,
  `sub_id` varchar(500) NOT NULL,
  `created_at` timestamp NOT NULL DEFAULT CURRENT_TIMESTAMP ON UPDATE CURRENT_TIMESTAMP,
  `updated_at` timestamp NOT NULL DEFAULT '0000-00-00 00:00:00',
  `exp_date` datetime NOT NULL
) ENGINE=MyISAM DEFAULT CHARSET=latin1;

--
-- Dumping data for table `plans`
--

INSERT INTO `plans` (`id`, `doctor_id`, `sub_id`, `created_at`, `updated_at`, `exp_date`) VALUES
(1, '71', '7', '2018-10-24 17:07:30', '2018-10-24 17:07:30', '2019-04-22 10:07:30'),
(2, '1', '6', '2018-10-25 13:30:37', '2018-10-25 13:30:37', '2019-01-23 06:30:37'),
(5, '11', '8', '2018-11-16 10:33:20', '0000-00-00 00:00:00', '2018-12-31 00:00:00'),
(6, '19', '8', '2018-11-17 15:32:25', '0000-00-00 00:00:00', '2019-01-01 00:00:00'),
(7, '15', '7', '2018-11-19 10:07:48', '0000-00-00 00:00:00', '2019-05-18 00:00:00'),
(8, '105', '7', '2018-11-21 19:23:05', '2018-11-21 19:23:05', '2018-12-21 12:23:05'),
(9, '121', '7', '2018-11-22 19:06:54', '2018-11-22 19:06:54', '2018-12-22 12:06:54'),
(10, '123', '6', '2018-11-26 18:31:20', '2018-11-26 18:31:20', '2019-05-25 11:31:20');

-- --------------------------------------------------------

--
-- Table structure for table `posts`
--

CREATE TABLE `posts` (
  `id` int(11) NOT NULL,
  `title` varchar(250) NOT NULL,
  `source` varchar(250) NOT NULL DEFAULT 'na',
  `url` varchar(500) NOT NULL,
  `description` varchar(1000) NOT NULL,
  `image` varchar(1000) DEFAULT NULL,
  `user_id` varchar(250) NOT NULL,
  `usertype` varchar(250) NOT NULL DEFAULT 'user',
  `created_at` timestamp NOT NULL DEFAULT CURRENT_TIMESTAMP ON UPDATE CURRENT_TIMESTAMP,
  `updated_at` timestamp NOT NULL DEFAULT '0000-00-00 00:00:00'
) ENGINE=MyISAM DEFAULT CHARSET=latin1;

--
-- Dumping data for table `posts`
--

INSERT INTO `posts` (`id`, `title`, `source`, `url`, `description`, `image`, `user_id`, `usertype`, `created_at`, `updated_at`) VALUES
(1, 'Medical doctor', 'na', 'https://simple.wikipedia.org/wiki/Medical_doctor', 'A medical doctor (also called a physician) is a person who uses medicine to treat illness and injuries.\r\n\r\nDoctors are trained in medical schools which are usually part of a university. They usually hold a college degree in medicine. Doctors work in hospitals, medical clinics, from their own offices, or may even visit people in their homes. They may also work for schools, companies, sports teams, or the military. Medical doctors are often assisted in their work by nurses.', 'postimage/68d5ca50df969f865ad18a9f6a452a2f2567.jpg', '23', 'user', '2018-09-11 12:19:19', '2018-09-10 20:09:37'),
(2, 'Specialists', 'na', '', 'Some medical doctors only work on certain diseases or injuries, or may only work on one part of the human body. These doctors are called specialists. For example, there are doctors who specialise in diseases of the stomach or intestines. Other medical doctors are \"general practitioners\" or \"family practitioners\".', NULL, '23', 'user', '2018-09-11 12:19:27', '2018-09-10 20:11:40'),
(3, 'Anesthesiologist', 'na', '', 'An anesthesiologist (also anaesthesiologist) is a doctor of medicine.An anesthesiologist (American English) or anaesthetist (British English) is a physician trained in anesthesia and perioperative medicine. Terminology varies between countries. The main jobs of an anesthesiologist are:\r\n\r\nProviding anesthesia to a patient undergoing surgery\r\nIntensive care medicine\r\nMedical emergency medicine\r\nPalliative care\r\nThe first anesthesiologist was John Snow (1813–1858).', NULL, '23', 'user', '2018-09-11 12:19:11', '2018-09-10 20:12:30'),
(7, 'This Is My Today 1st Post', 'na', 'https://www.news18.com/news/movies/bigg-boss-12-jasleen-matharu-father-breaks-silence-on-anup-jalota-this-news-was-a-shocker-for-me-1879839.html', 'Bigg Boss 12 Contestant Jasleen Matharu\'s Father on Anup Jalota: This Was a Shocker for Me', 'postimage/52e828d5df03370a29191739f8aab4621169.jpg', '24', 'doctor', '2018-09-17 23:49:43', '2018-09-17 23:49:43'),
(8, 'Type 2 Diabetes Overview', 'na', 'https://www.webmd.com/diabetes/ss/slideshow-type-2-diabetes-overview', 'When you have this disease, your body does a poor job turning the carbohydrates in food into energy. This causes sugar to build up in your blood. Over time it raises your risk for heart disease, blindness, nerve and organ damage, and other serious conditions. It strikes people of all ages, and early symptoms are mild. About 1 out of 3 people with type 2 diabetes don\'t know they have it.', 'postimage/89dd091960a643e156348caaea527fab7271.jpg', '3', 'user', '2018-10-01 12:17:55', '2018-10-01 12:17:55'),
(9, 'Overview & Facts', 'na', 'https://www.webmd.com/allergies/guide/allergies-overview', 'When you have allergies, it means your immune system reacts to something that’s usually harmless.', NULL, '3', 'user', '2018-10-01 12:20:40', '2018-10-01 12:20:40'),
(10, 'Injected Drug May Be New', 'na', 'https://www.webmd.com/arthritis/news/20180918/injected-drug-may-be-new-weapon-against-gout#1', 'A new approach to preventing gout attacks looks promising for people not already helped by existing treatments.\r\n\r\nResearchers are looking at an anti-inflammatory drug called canakinumab (Ilaris) to treat this painful form of arthritis.\r\n\r\nInstead of targeting excessively high uric acid levels as existing gout drugs do, the new strategy aims to reduce overall inflammation. The drug goes after a specific inflammatory molecule called interleukin-1.', NULL, '3', 'user', '2018-10-01 12:24:17', '2018-10-01 12:24:17'),
(11, 'Back Pain Health Center', 'na', 'https://www.webmd.com/back-pain/default.htm', 'Back pain includes lower back pain, middle back pain, upper back pain or low back pain with sciatica. Nerve and muscular problems, degenerative disc disease, and arthritis can result in back pain. Back pain symptoms may be relived with pain medication or pain killers.', 'postimage/c5faeff34baa4a33d6faf50949c43d6c3748.jpg', '3', 'user', '2018-10-01 12:25:51', '2018-10-01 12:25:51'),
(43, 'hire', 'na', '', 'Hello', NULL, '34', 'user', '2018-10-16 13:38:18', '2018-10-16 13:38:18'),
(44, 'heeeee', 'na', '', 'Heee', NULL, '34', 'user', '2018-10-16 13:38:59', '2018-10-16 13:38:59'),
(46, 'hhh', 'na', '', 'Hh', NULL, '64', 'doctor', '2018-10-17 17:29:15', '2018-10-17 17:29:15'),
(47, 'hhh', 'na', '', 'Hh', NULL, '64', 'doctor', '2018-10-17 17:29:42', '2018-10-17 17:29:42'),
(48, 'hhh', 'na', '', 'Bjgnbjcggfh', NULL, '64', 'doctor', '2018-10-17 17:34:03', '2018-10-17 17:34:03'),
(49, 'fff', 'na', '', 'Ff', NULL, '64', 'doctor', '2018-10-17 17:35:21', '2018-10-17 17:35:21'),
(50, 'abcd', 'na', 'https://www.pp.com', 'sdfsdfsd', NULL, '64', 'doctor', '2018-10-17 17:38:39', '2018-10-17 17:38:39'),
(51, 'abcd', 'na', 'https://www.pp.com', 'sdfsdfsd', NULL, '64', 'doctor', '2018-10-17 17:39:10', '2018-10-17 17:39:10'),
(52, 'hhh', 'na', '', 'Hhhgjhfff', NULL, '64', 'doctor', '2018-10-17 17:41:15', '2018-10-17 17:41:15'),
(13, 'Antibiotics May Cure', 'na', 'https://www.webmd.com/digestive-disorders/news/20180925/antibiotics-may-cure-appendicitis-without-surgery#1', 'TUESDAY, Sept. 25, 2018 (HealthDay News) -- If you\'re suffering from acute appendicitis, you might be successfully treated with antibiotics and never need an operation to remove your appendix, Finnish researchers report.', NULL, '3', 'user', '2018-10-01 12:30:05', '2018-10-01 12:30:05'),
(14, 'Understanding Hair Loss', 'na', 'https://www.webmd.com/skin-problems-and-treatments/hair-loss/understanding-hair-loss-basics#1', 'Hair grows everywhere on the human skin except on the palms of our hands and the soles of our feet, but many hairs are so fine they\'re virtually invisible. Hair is made up of a protein called keratin that is produced in hair follicles in the outer layer of skin.', NULL, '3', 'user', '2018-10-01 12:31:27', '2018-10-01 12:31:27'),
(15, 'Asthma Health Center', 'na', 'https://www.webmd.com/asthma/default.htm', 'Asthma symptoms, which include coughing, wheezing, and chest tightness, are common in an asthma attack. Sometimes asthma is called bronchial asthma or reactive airway disease. Asthma can be controlled with proper treatment.', 'postimage/d0774081a300e3a30bbcc5837c3cdcf57596.jpg', '3', 'user', '2018-10-01 12:32:24', '2018-10-01 12:32:24'),
(16, 'Skin Care Basics', 'na', 'https://www.webmd.com/beauty/skin-care-basics', 'Your skin reflects your health. To take care of it, you need to build healthy habits.\r\n\r\nStay clean. Wash your face twice a day -- once in the morning and once at night before you go to bed. After you cleanse your skin, follow with a toner and moisturizer. Toners help to remove fine traces of oil, dirt, and makeup you may have missed when cleansing. Look for a moisturizer geared toward your skin type -- dry, normal, or oily. Yes, even oily skin can benefit from a moisturizer.', NULL, '3', 'user', '2018-10-01 12:34:29', '2018-10-01 12:34:29'),
(17, 'Short Bout of Exercise', 'na', 'https://www.webmd.com/brain/news/20180924/short-bout-of-exercise-might-boost-your-memory#1', 'ust a little bit of light exercise can immediately improve a person\'s memory, new Japanese research suggests.\r\n\r\nHow little? The small study involved 36 healthy college-aged men and women and found that just 10 minutes of relaxed cycling on a stationary bike was all it took to improve recall during memory testing conducted right afterwards.', NULL, '3', 'user', '2018-10-01 12:38:51', '2018-10-01 12:38:51'),
(18, 'Kidney Stones Health', 'na', 'https://www.webmd.com/kidney-stones/default.htm', 'Kidney stones are small \"pebbles\" of salt and mineral in the urine. The most common symptom is severe pain. Most stones pass on their own, but medical procedures are used to remove some kidney stones.', 'postimage/3f8263ea3a0ad3364c7126e1b37245e02356.jpg', '3', 'user', '2018-10-01 12:40:19', '2018-10-01 12:40:19'),
(19, 'ADHD in Teens', 'na', 'https://www.webmd.com/add-adhd/childhood-adhd/adhd-teens#1', 'Most children who are diagnosed with ADHD still have it as teens. Symptoms of ADHD in teens are similar to those of ADHD in children. They include:', NULL, '3', 'user', '2018-10-01 12:41:34', '2018-10-01 12:41:34'),
(20, 'FDA Approves Third of', 'na', 'https://www.webmd.com/migraines-headaches/news/20180928/fda-approves-third-of-new-migraine-drugs', 'Sept. 28, 2018 -- The FDA has approved the third of a new type of drug to prevent migraine headaches in adults.\r\n\r\nGalcanezumab-gnlm (Emgality) targets calcitonin gene-related peptide (CGRP), a molecule that\'s produced in nerve cells of the brain and spinal cord. The FDA approved two other CGRP drugs for migraine -- erenumab (Aimovig) and fremanezumab-vfrm (Ajovy) -- earlier this year.', NULL, '3', 'user', '2018-10-01 12:42:38', '2018-10-01 12:42:38'),
(21, 'The Effects of Stress on', 'na', 'https://www.webmd.com/balance/stress-management/effects-of-stress-on-your-body', 'Stress is any change in the environment that requires your body to  react and adjust in response. The body reacts to these changes with physical, mental, and emotional responses.', NULL, '3', 'user', '2018-10-01 12:43:36', '2018-10-01 12:43:36'),
(22, '6 Symptoms You Shouldn\'t', 'na', 'https://www.webmd.com/women/features/serious-symptoms#1', 'Most aches and pains aren\'t a sign of something serious, but certain symptoms should be checked out. See a doctor if you feel any of these things:', NULL, '3', 'user', '2018-10-01 12:44:30', '2018-10-01 12:44:30'),
(23, 'Study: Oxygen Therapy May', 'na', 'https://www.webmd.com/healthy-aging/news/20180927/study-oxygen-therapy-may-help-sudden-hearing-loss#1', 'THURSDAY, Sept. 27, 2018 (HealthDay News) -- Viruses and blood flow issues can, in rare cases, trigger sudden and profound hearing loss. Now, South Korean research supports the use of hyperbaric oxygen treatments to restore hearing in these patients.', NULL, '3', 'user', '2018-10-01 12:45:25', '2018-10-01 12:45:25'),
(24, 'Vitamin K', 'na', 'https://www.webmd.com/vitamins-and-supplements/supplement-guide-vitamin-k#1', 'Vitamin K plays a key role in helping the blood clot, preventing excessive bleeding. Unlike many other vitamins, vitamin K is not typically used as a dietary supplement.', NULL, '3', 'user', '2018-10-01 12:46:22', '2018-10-01 12:46:22'),
(25, 'Caffeine Myths and Facts', 'na', 'https://www.webmd.com/diet/caffeine-myths-and-facts#1', 'Caffeine myth or caffeine fact? It\'s not always easy to know. Chances are you have some real misperceptions about caffeine. For starters, do you know the most common sources of caffeine? Well, maybe two of the sources aren\'t too hard to name -- coffee and tea leaves.', NULL, '3', 'user', '2018-10-01 12:47:38', '2018-10-01 12:47:38'),
(26, 'Type 2 Diabetes Overview', 'na', 'https://www.webmd.com/diabetes/ss/slideshow-type-2-diabetes-overview', 'When you have this disease, your body does a poor job turning the carbohydrates in food into energy. This causes sugar to build up in your blood. Over time it raises your risk for heart disease, blindness, nerve and organ damage, and other serious conditions. It strikes people of all ages, and early symptoms are mild. About 1 out of 3 people with type 2 diabetes don\'t know they have it.', 'postimage/6333b50d9fda4069e557878e3f5fb9e97201.jpg', '1', 'doctor', '2018-10-01 19:18:14', '2018-10-01 19:18:14'),
(27, 'Back Pain Health Center', 'na', 'https://www.webmd.com/back-pain/default.htm', 'Back pain includes lower back pain, middle back pain, upper back pain or low back pain with sciatica. Nerve and muscular problems, degenerative disc disease, and arthritis can result in back pain. Back pain symptoms may be relived with pain medication or pain killers.', 'postimage/8854799d53183be05b242da47f058c406848.jpg', '1', 'doctor', '2018-10-01 19:19:27', '2018-10-01 19:19:27'),
(28, 'Asthma Health Center', 'na', 'https://www.webmd.com/asthma/default.htm', 'Asthma symptoms, which include coughing, wheezing, and chest tightness, are common in an asthma attack. Sometimes asthma is called bronchial asthma or reactive airway disease. Asthma can be controlled with proper treatment.', 'postimage/590cd7e41faf6ee085eb1dee1c1e3c3f9631.jpg', '1', 'doctor', '2018-10-01 19:21:52', '2018-10-01 19:21:52'),
(29, 'Kidney Stones Health', 'na', 'https://www.webmd.com/kidney-stones/default.htm', 'Kidney stones are small \"pebbles\" of salt and mineral in the urine. The most common symptom is severe pain. Most stones pass on their own, but medical procedures are used to remove some kidney stones.', 'postimage/620f458eab63172ee4ffaeb3fd28c82b8193.jpg', '1', 'doctor', '2018-10-01 19:23:15', '2018-10-01 19:23:15'),
(76, 'Fortis Hospital', 'na', '', 'fortis provides the best solution  in cardiology', 'postimage/b7a99bf2949943daf20c870e012e70923980.jpg', '77', 'doctor', '2018-10-25 15:34:15', '2018-10-25 15:34:15'),
(78, 'check', 'na', '', 'wow', NULL, '79', 'doctor', '2018-11-03 17:45:34', '2018-11-03 17:45:34'),
(79, 'Test CK 21 Nov', 'na', 'https://mytest.com/testing', 'te st is test, to test is fine and working the way it should be.\nall good as required.', 'postimage/58ef56dcbec939077615a115d1c8616e1200.jpg', '105', 'doctor', '2018-11-21 17:51:07', '2018-11-21 17:51:07'),
(80, 'TestByPatient Post 21nov', 'na', '', 'testing is on and seems good to go.', 'postimage/c4dc62519653d686807e16c83831adad8690.jpg', '23', 'user', '2018-11-21 18:09:58', '2018-11-21 18:09:58'),
(64, 'testX bbc', 'na', '', 'Lorem Ipsum is simply dummy text of the printing and typesetting industry. Lorem Ipsum has been the industry\'s standard dummy text ever since the 1500s, when an unknown printer took a galley of type and scrambled it to make a type specimen book.', NULL, '69', 'doctor', '2018-10-18 21:29:16', '2018-10-18 21:29:16'),
(58, 'test', 'na', '', 'testsestestestestes', 'postimage/7e39dae2c1d57bc1377a3bfb422d5d7a8162.png', '1', 'doctor', '2018-10-18 20:16:56', '2018-10-18 20:16:56'),
(34, 'ADHD in Teens', 'na', 'https://www.webmd.com/add-adhd/childhood-adhd/adhd-teens#1', 'Most children who are diagnosed with ADHD still have it as teens. Symptoms of ADHD in teens are similar to those of ADHD in children. They include:', NULL, '1', 'doctor', '2018-10-01 19:26:45', '2018-10-01 19:26:45'),
(93, 'Testing', 'na', '', 'Test', NULL, '121', 'doctor', '2018-11-22 19:48:15', '2018-11-22 19:48:15'),
(101, 'Test 4', 'na', 'www.yahoo.com', 'test', 'postimage/498eb6cdef0122f9e200202e245687907097.jpg', '121', 'doctor', '2018-11-23 17:23:28', '2018-11-23 17:23:28'),
(95, 'Test Post', 'na', 'www.google.com', 'This is for test', 'postimage/4285c9ece5a5b5298167f4dcb00197d13325.jpg', '121', 'doctor', '2018-11-23 13:04:10', '2018-11-23 13:04:10'),
(86, 'Test', 'na', '', 'this is for test purpose', NULL, '121', 'doctor', '2018-11-22 17:50:44', '2018-11-22 17:50:44'),
(92, 'testing', 'na', '', 'Cccjv', 'postimage/977b9b8e56db4add28461509ab3e55848628.jpg', '48', 'user', '2018-11-22 19:27:35', '2018-11-22 19:27:35'),
(102, 'Test3', 'na', '', 'hdhdndkdk', NULL, '23', 'user', '2018-11-23 20:24:56', '2018-11-23 20:24:56'),
(97, 'Testpost23nov', 'na', '', 'testing', NULL, '105', 'doctor', '2018-11-23 13:32:14', '2018-11-23 13:32:14'),
(98, 'Test22', 'na', '', 'testing', NULL, '105', 'doctor', '2018-11-23 13:33:42', '2018-11-23 13:33:42'),
(99, 'Test23', 'na', '', 'testing', 'postimage/44ee7cd38431a07db426db711cb80b263036.jpg', '105', 'doctor', '2018-11-23 13:34:34', '2018-11-23 13:34:34'),
(100, 'Ndnd', 'na', '', 'nndnd', NULL, '105', 'doctor', '2018-11-23 13:34:55', '2018-11-23 13:34:55'),
(65, 'Hi Bye', 'na', '', 'Lorem Ipsum is simply dummy text of the printing and typesetting industry. Lorem Ipsum has been the industry\'s standard dummy text ever since the 1500s, when an unknown printer took a galley of type and scrambled it to make a type specimen book.', NULL, '69', 'doctor', '2018-10-18 21:30:40', '2018-10-18 21:30:40'),
(81, 'hi', 'na', '', 'Test', NULL, '47', 'user', '2018-11-22 15:19:54', '2018-11-22 15:19:54'),
(75, 'Wooowww', 'na', '', 'gxgixgjxgkxhkcih', 'postimage/82e98941eb4b8b7b3294128bc133976c2432.jpg', '40', 'user', '2018-10-25 12:46:11', '2018-10-25 12:46:11'),
(40, 'The Effects of Stress', 'na', 'https://www.webmd.com/balance/stress-management/effects-of-stress-on-your-body', 'Stress is any change in the environment that requires your body to  react and adjust in response. The body reacts to these changes with physical, mental, and emotional responses.', NULL, '1', 'doctor', '2018-10-01 19:37:13', '2018-10-01 19:37:13'),
(66, 'Testing It Really Works??', 'na', '', 'festive season in west bengal', 'postimage/9b1e45f283678f381ce9066f5310449b2627.jpg', '38', 'user', '2018-10-20 13:29:45', '2018-10-20 13:29:45'),
(54, 'Test18oct', 'na', 'https://hellotest.com/testistest', 'test is test nothing else, so why don\'t you just test.', 'postimage/b604f29ebdcd8d560c0dc6cb11d7010b6899.jpg', '23', 'user', '2018-10-18 16:09:36', '2018-10-18 16:09:36'),
(55, 'cvdfvdfvdfv', 'na', '', 'Fab', NULL, '11', 'doctor', '2018-10-18 16:28:49', '2018-10-18 16:28:49'),
(56, 'Health Post', 'na', 'https://testing.com/case', 'this is a test post feed to ensure that my post is visible to all', 'postimage/8904d1d3523e48dc7f69dc528ab231341750.jpg', '19', 'doctor', '2018-10-18 17:21:37', '2018-10-18 17:21:37'),
(57, 'lalala', 'na', '', 'testsestestestsestet', 'postimage/9e9fe6ae38b6a87297bcbbeeb57101632113.png', '34', 'user', '2018-10-18 18:11:43', '2018-10-18 18:11:43'),
(103, 'main title', 'na', '', 'dsahfgshdgfsd shdgfjsdgfhgsdf', NULL, '23', 'user', '2018-11-23 20:26:02', '2018-11-23 20:26:02'),
(104, 'Test4', 'na', '', 'jdjdjdk', NULL, '105', 'doctor', '2018-11-23 20:26:22', '2018-11-23 20:26:22'),
(105, 'main title', 'na', '', 'dsahfgshdgfsd shdgfjsdgfhgsdf', NULL, '105', 'doctor', '2018-11-23 20:28:05', '2018-11-23 20:28:05'),
(106, 'Test5', 'na', '', 'vdhdjdjsj', NULL, '105', 'doctor', '2018-11-23 20:31:07', '2018-11-23 20:31:07'),
(107, 'test dsp', 'na', '', 'Dhkskdjydzgjgz', NULL, '105', 'doctor', '2018-11-26 19:33:24', '2018-11-26 19:33:24'),
(108, 'acne issue', 'na', 'http://www.dubaiskinspecialist.com/?gclid=EAIaIQobChMI6p-MjM_23gIVjBOPCh2X6AeMEAAYASAAEgLTU_D_BwE', 'I am having acne issue from last 5 years. Anybody can suggest me the best dermatologist, apart from these?', NULL, '51', 'user', '2018-11-28 14:59:58', '2018-11-28 14:59:58'),
(109, 'Depression', 'na', '', 'Everyone feels sad once in a while but when it lasts for more than two weeks, you may have a condition called depression.\n\nSymptoms:\n1) Feeling lonely\n2) Unhappy for more than a week\n3) Over sleeping or insomnia \n4) Extreme Hunger or Loss of appetite \n5) Weight gain or weight loss\n\nCauses:\n1) Emotional breakdown \n2) Not doing well in job', 'postimage/3f2fccd98fd55887d3b91a912515ac506870.jpg', '51', 'user', '2018-11-28 16:41:37', '2018-11-28 16:41:37'),
(111, 'Acne', 'na', 'https://www.webmd.com/skin-problems-and-treatments/acne/acne', 'Acne has now become a major concern mostly in teenagers these days.\nSo how can we deal with?\nThere are many treatments but seems very expensive.\nSo what you do is, you rely on home remedies. Right?\nAre they not having any side effects?\nYes, they do.\nBefore going into deep, lets just highlight the causes of acne. \nThese are:', 'postimage/73ed0ba7a86ed9ac89a9eaeb6a494e672793.jpg', '124', 'doctor', '2018-11-29 13:58:21', '2018-11-29 13:58:21');

-- --------------------------------------------------------

--
-- Table structure for table `reasons`
--

CREATE TABLE `reasons` (
  `id` int(11) NOT NULL,
  `name` varchar(1000) NOT NULL,
  `created_at` timestamp NOT NULL DEFAULT CURRENT_TIMESTAMP ON UPDATE CURRENT_TIMESTAMP,
  `updated_at` timestamp NOT NULL DEFAULT '0000-00-00 00:00:00'
) ENGINE=MyISAM DEFAULT CHARSET=latin1;

--
-- Dumping data for table `reasons`
--

INSERT INTO `reasons` (`id`, `name`, `created_at`, `updated_at`) VALUES
(4, 'I have another important schedule at the same time.', '2018-09-18 17:40:58', '0000-00-00 00:00:00'),
(5, 'The appointment was at an inconvenient time', '2018-09-18 17:41:27', '0000-00-00 00:00:00'),
(6, 'I had family commitments', '2018-09-18 17:41:45', '0000-00-00 00:00:00'),
(7, 'I was too ill to attend', '2018-09-18 17:42:04', '0000-00-00 00:00:00'),
(8, 'I was unable to get transport', '2018-09-18 17:42:31', '0000-00-00 00:00:00'),
(9, 'My symptoms were better / problems resolved', '2018-09-18 17:42:45', '0000-00-00 00:00:00'),
(10, 'I was unable to get time off work', '2018-09-18 17:43:06', '0000-00-00 00:00:00'),
(11, 'I was unable to get there because of the weather', '2018-09-18 17:43:36', '0000-00-00 00:00:00'),
(12, 'I couldn\'t be bothered', '2018-09-18 17:43:48', '0000-00-00 00:00:00');

-- --------------------------------------------------------

--
-- Table structure for table `rooms`
--

CREATE TABLE `rooms` (
  `id` int(11) NOT NULL,
  `user_id` varchar(250) NOT NULL,
  `doctor_id` varchar(250) NOT NULL,
  `created_at` timestamp NOT NULL DEFAULT CURRENT_TIMESTAMP ON UPDATE CURRENT_TIMESTAMP,
  `updated_at` timestamp NOT NULL DEFAULT '0000-00-00 00:00:00'
) ENGINE=MyISAM DEFAULT CHARSET=latin1;

--
-- Dumping data for table `rooms`
--

INSERT INTO `rooms` (`id`, `user_id`, `doctor_id`, `created_at`, `updated_at`) VALUES
(14605022, '70', '61', '2018-08-24 19:14:34', '2018-08-24 19:14:34');

-- --------------------------------------------------------

--
-- Table structure for table `saveposts`
--

CREATE TABLE `saveposts` (
  `id` int(11) NOT NULL,
  `post_id` varchar(250) NOT NULL,
  `user_id` varchar(250) NOT NULL,
  `usertype` varchar(250) NOT NULL DEFAULT 'user',
  `created_at` timestamp NOT NULL DEFAULT CURRENT_TIMESTAMP ON UPDATE CURRENT_TIMESTAMP,
  `updated_at` timestamp NOT NULL DEFAULT '0000-00-00 00:00:00'
) ENGINE=MyISAM DEFAULT CHARSET=latin1;

--
-- Dumping data for table `saveposts`
--

INSERT INTO `saveposts` (`id`, `post_id`, `user_id`, `usertype`, `created_at`, `updated_at`) VALUES
(2, '4', '6', 'user', '2018-09-10 20:27:00', '2018-09-10 20:27:00'),
(3, '4', '8', 'doctor', '2018-09-11 15:10:55', '2018-09-11 15:10:55'),
(4, '5', '23', 'user', '2018-09-12 13:50:47', '2018-09-12 13:50:47'),
(5, '5', '11', 'doctor', '2018-09-12 16:47:40', '2018-09-12 16:47:40'),
(6, '6', '23', 'user', '2018-09-17 17:27:30', '2018-09-17 17:27:30'),
(8, '7', '24', 'doctor', '2018-09-17 23:51:11', '2018-09-17 23:51:11'),
(9, '2', '23', 'user', '2018-09-27 15:56:30', '2018-09-27 15:56:30'),
(10, '40', '23', 'user', '2018-10-12 12:54:34', '2018-10-12 12:54:34'),
(11, '42', '23', 'user', '2018-10-12 14:24:14', '2018-10-12 14:24:14'),
(16, '42', '34', 'user', '2018-10-16 13:35:24', '2018-10-16 13:35:24'),
(13, '41', '23', 'user', '2018-10-12 14:25:10', '2018-10-12 14:25:10'),
(14, '40', '52', 'doctor', '2018-10-12 19:12:52', '2018-10-12 19:12:52'),
(15, '40', '33', 'user', '2018-10-12 19:28:22', '2018-10-12 19:28:22'),
(17, '47', '64', 'doctor', '2018-10-17 17:31:39', '2018-10-17 17:31:39'),
(18, '40', '1', 'doctor', '2018-10-18 15:52:22', '2018-10-18 15:52:22'),
(19, '55', '11', 'doctor', '2018-10-18 16:29:01', '2018-10-18 16:29:01'),
(20, '55', '19', 'doctor', '2018-10-18 17:38:23', '2018-10-18 17:38:23'),
(22, '55', '1', 'doctor', '2018-10-18 18:36:19', '2018-10-18 18:36:19'),
(23, '65', '19', 'doctor', '2018-10-18 21:37:24', '2018-10-18 21:37:24'),
(24, '58', '19', 'doctor', '2018-10-18 21:37:27', '2018-10-18 21:37:27'),
(25, '66', '11', 'doctor', '2018-10-22 21:30:47', '2018-10-22 21:30:47'),
(26, '66', '19', 'doctor', '2018-10-23 13:42:26', '2018-10-23 13:42:26'),
(27, '64', '19', 'doctor', '2018-10-23 13:42:29', '2018-10-23 13:42:29'),
(43, '66', '75', 'doctor', '2018-10-24 20:39:13', '2018-10-24 20:39:13'),
(35, '65', '75', 'doctor', '2018-10-24 19:44:58', '2018-10-24 19:44:58'),
(36, '64', '75', 'doctor', '2018-10-24 19:45:01', '2018-10-24 19:45:01'),
(37, '58', '75', 'doctor', '2018-10-24 19:45:09', '2018-10-24 19:45:09'),
(46, '75', '40', 'user', '2018-10-25 12:49:17', '2018-10-25 12:49:17'),
(48, '58', '40', 'user', '2018-10-25 13:56:02', '2018-10-25 13:56:02'),
(49, '76', '77', 'doctor', '2018-10-25 15:34:40', '2018-10-25 15:34:40'),
(50, '17', '77', 'doctor', '2018-10-25 15:37:15', '2018-10-25 15:37:15'),
(51, '75', '77', 'doctor', '2018-10-25 15:47:55', '2018-10-25 15:47:55'),
(52, '76', '40', 'user', '2018-10-25 16:09:31', '2018-10-25 16:09:31'),
(53, '57', '40', 'user', '2018-10-25 16:10:32', '2018-10-25 16:10:32'),
(54, '55', '40', 'user', '2018-10-25 16:10:34', '2018-10-25 16:10:34'),
(55, '52', '40', 'user', '2018-10-25 16:10:36', '2018-10-25 16:10:36'),
(56, '50', '40', 'user', '2018-10-25 16:10:39', '2018-10-25 16:10:39'),
(57, '56', '40', 'user', '2018-10-25 16:12:00', '2018-10-25 16:12:00'),
(58, '79', '23', 'user', '2018-11-21 18:05:35', '2018-11-21 18:05:35'),
(59, '80', '46', 'user', '2018-11-21 18:20:06', '2018-11-21 18:20:06'),
(60, '79', '46', 'user', '2018-11-21 18:20:26', '2018-11-21 18:20:26'),
(62, '86', '121', 'doctor', '2018-11-22 17:54:33', '2018-11-22 17:54:33'),
(63, '92', '48', 'user', '2018-11-22 19:28:43', '2018-11-22 19:28:43'),
(64, '94', '121', 'doctor', '2018-11-22 19:49:23', '2018-11-22 19:49:23'),
(65, '96', '121', 'doctor', '2018-11-23 13:22:53', '2018-11-23 13:22:53'),
(66, '75', '121', 'doctor', '2018-11-23 13:22:59', '2018-11-23 13:22:59'),
(67, '101', '121', 'doctor', '2018-11-23 17:27:37', '2018-11-23 17:27:37'),
(68, '80', '23', 'user', '2018-11-26 16:20:57', '2018-11-26 16:20:57'),
(70, '104', '51', 'user', '2018-11-28 20:04:18', '2018-11-28 20:04:18'),
(71, '103', '51', 'user', '2018-11-28 20:04:21', '2018-11-28 20:04:21'),
(72, '102', '51', 'user', '2018-11-28 20:04:23', '2018-11-28 20:04:23'),
(73, '98', '51', 'user', '2018-11-28 20:04:29', '2018-11-28 20:04:29'),
(74, '97', '51', 'user', '2018-11-28 20:04:35', '2018-11-28 20:04:35'),
(75, '111', '124', 'doctor', '2018-11-29 14:13:05', '2018-11-29 14:13:05');

-- --------------------------------------------------------

--
-- Table structure for table `specialties`
--

CREATE TABLE `specialties` (
  `id` int(11) NOT NULL,
  `name` varchar(250) NOT NULL,
  `img` varchar(500) NOT NULL DEFAULT '/public/assets/images/categrese/categrese-8.png',
  `created_at` timestamp NOT NULL DEFAULT CURRENT_TIMESTAMP ON UPDATE CURRENT_TIMESTAMP,
  `updated_at` timestamp NOT NULL DEFAULT '0000-00-00 00:00:00',
  `remark` varchar(250) NOT NULL DEFAULT '0'
) ENGINE=InnoDB DEFAULT CHARSET=latin1;

--
-- Dumping data for table `specialties`
--

INSERT INTO `specialties` (`id`, `name`, `img`, `created_at`, `updated_at`, `remark`) VALUES
(7, 'Others', '/public/assets/images/categrese/categrese-8.png', '2018-11-21 07:39:05', '0000-00-00 00:00:00', '1'),
(68, 'Anesthetist', '/public/assets/images/categrese/51.png', '2020-11-18 17:15:24', '0000-00-00 00:00:00', '1'),
(69, 'Ophthalmologist', '/public/assets/images/categrese/221.png', '2020-11-18 17:17:13', '0000-00-00 00:00:00', '1'),
(70, 'Orthopedic', '/public/assets/images/categrese/251.png', '2020-11-18 17:18:09', '0000-00-00 00:00:00', '1'),
(71, 'ENT surgeon', '/public/assets/images/categrese/201.png', '2020-11-18 17:19:18', '0000-00-00 00:00:00', '1'),
(72, 'Hematologist', '/public/assets/images/categrese/161.png', '2020-11-18 17:20:16', '0000-00-00 00:00:00', '1'),
(73, 'Dermatologist', '/public/assets/images/categrese/110.png', '2020-11-18 17:21:39', '0000-00-00 00:00:00', '1'),
(74, 'Radiologist', '/public/assets/images/categrese/71.png', '2020-11-18 17:22:42', '0000-00-00 00:00:00', '1'),
(75, 'General Physician', '/public/assets/images/categrese/91.png', '2020-11-18 17:23:08', '0000-00-00 00:00:00', '1'),
(76, 'Physiotherapy', '/public/assets/images/categrese/121.png', '2020-11-18 17:23:48', '0000-00-00 00:00:00', '1'),
(77, 'Osteopathic Doctor', '/public/assets/images/categrese/211.png', '2020-11-18 17:25:18', '0000-00-00 00:00:00', '1'),
(78, 'Internal medicine', '/public/assets/images/categrese/92.png', '2020-11-18 17:25:58', '0000-00-00 00:00:00', '1'),
(79, 'Neurologist', '/public/assets/images/categrese/72.png', '2020-11-18 17:27:10', '0000-00-00 00:00:00', '1'),
(80, 'Nephrologist', '/public/assets/images/categrese/131.png', '2020-11-18 17:29:46', '0000-00-00 00:00:00', '1'),
(81, 'Urologist', '/public/assets/images/categrese/222.png', '2020-11-18 17:37:49', '0000-00-00 00:00:00', '1'),
(82, 'Plastic surgeon', '/public/assets/images/categrese/111.png', '2020-11-18 17:38:45', '0000-00-00 00:00:00', '1'),
(83, 'Endodontist', '/public/assets/images/categrese/26.png', '2020-11-18 17:39:22', '0000-00-00 00:00:00', '1'),
(84, 'Periodontist', '/public/assets/images/categrese/112.png', '2020-11-18 17:44:10', '0000-00-00 00:00:00', '1'),
(85, 'Implantologist', '/public/assets/images/categrese/241.png', '2020-11-18 17:45:09', '0000-00-00 00:00:00', '1'),
(86, 'Prosthodontist', '/public/assets/images/categrese/27.png', '2020-11-18 17:46:01', '0000-00-00 00:00:00', '1'),
(87, 'Pediatric dentist', '/public/assets/images/categrese/113.png', '2020-11-18 17:46:29', '0000-00-00 00:00:00', '1'),
(88, 'Orthodontist', '/public/assets/images/categrese/28.png', '2020-11-18 17:47:10', '0000-00-00 00:00:00', '1'),
(89, 'Ayurveda', '/public/assets/images/categrese/61.png', '2020-11-18 17:47:50', '0000-00-00 00:00:00', '1'),
(90, 'Pediatrician', '/public/assets/images/categrese/101.png', '2021-11-18 14:13:58', '0000-00-00 00:00:00', '1'),
(91, 'Cosmetic/ Plastic Surgeon', '/public/assets/images/categrese/81.png', '2021-11-18 14:14:30', '0000-00-00 00:00:00', '1'),
(92, 'Cosmetologist', '/public/assets/images/categrese/151.png', '2021-11-18 14:15:03', '0000-00-00 00:00:00', '1'),
(93, 'Medical Cosmetologist', '/public/assets/images/categrese/191.png', '2021-11-18 14:15:24', '0000-00-00 00:00:00', '1'),
(94, 'Aesthetic Surgeon', '/public/assets/images/categrese/31.png', '2021-11-18 14:16:12', '0000-00-00 00:00:00', '1'),
(95, 'Dermatologist/ Cosmetologist', '/public/assets/images/categrese/32.png', '2021-11-18 14:16:48', '0000-00-00 00:00:00', '1'),
(96, 'Minimal Access Surgery', '/public/assets/images/categrese/62.png', '2021-11-18 14:18:15', '0000-00-00 00:00:00', '1'),
(97, 'Gynaecologist', '/public/assets/images/categrese/231.png', '2021-11-18 14:18:37', '0000-00-00 00:00:00', '1'),
(98, 'Infertility Specialist', '/public/assets/images/categrese/181.png', '2021-11-18 14:18:54', '0000-00-00 00:00:00', '1'),
(99, 'Gynaecological Endoscopy', '/public/assets/images/categrese/223.png', '2021-11-18 14:19:18', '0000-00-00 00:00:00', '1'),
(100, 'Paediatric & Adolescent Gynaecologist', '/public/assets/images/categrese/192.png', '2021-11-18 14:19:42', '0000-00-00 00:00:00', '1'),
(101, 'Obstetrician', '/public/assets/images/categrese/212.png', '2021-11-18 14:20:05', '0000-00-00 00:00:00', '1'),
(102, 'Gynaecologic Oncologist', '/public/assets/images/categrese/182.png', '2021-11-18 14:20:24', '0000-00-00 00:00:00', '1'),
(103, 'IVF (In Vitro Fertilization) Specialist', '/public/assets/images/categrese/171.png', '2021-11-18 14:20:45', '0000-00-00 00:00:00', '1'),
(104, 'Shoulder Specialist', '/public/assets/images/categrese/232.png', '2021-11-18 14:21:29', '0000-00-00 00:00:00', '1'),
(105, 'Orthopedic Surgeon', '/public/assets/images/categrese/242.png', '2021-11-18 14:22:01', '0000-00-00 00:00:00', '1'),
(106, 'Arthroscopy & Sports Surgeon', '/public/assets/images/categrese/252.png', '2021-11-18 14:22:25', '0000-00-00 00:00:00', '1'),
(107, 'Joint Replacement Surgeon', '/public/assets/images/categrese/202.png', '2021-11-18 14:22:45', '0000-00-00 00:00:00', '1'),
(108, 'Trichologist', '/public/assets/images/categrese/102.png', '2021-11-18 14:23:07', '0000-00-00 00:00:00', '1'),
(109, 'Venereologist', '/public/assets/images/categrese/122.png', '2021-11-18 14:23:33', '0000-00-00 00:00:00', '1'),
(110, 'Cardiologist', '/public/assets/images/categrese/172.png', '2021-11-18 14:23:48', '0000-00-00 00:00:00', '1'),
(111, 'Spine Surgery', '/public/assets/images/categrese/233.png', '2021-11-18 14:24:03', '0000-00-00 00:00:00', '1'),
(112, 'Neurosurgeon', '/public/assets/images/categrese/193.png', '2021-11-18 14:24:23', '0000-00-00 00:00:00', '1'),
(114, 'Health Consultant', '/public/assets/images/categrese/categrese-8.png', '2018-11-21 19:34:25', '2018-11-21 19:34:25', '0');

-- --------------------------------------------------------

--
-- Table structure for table `subscriptions`
--

CREATE TABLE `subscriptions` (
  `id` int(11) NOT NULL,
  `title` varchar(250) NOT NULL,
  `description` varchar(500) NOT NULL,
  `price` varchar(500) NOT NULL,
  `image` varchar(500) NOT NULL,
  `distance` varchar(500) NOT NULL,
  `validity` varchar(500) NOT NULL,
  `created_at` timestamp NOT NULL DEFAULT CURRENT_TIMESTAMP ON UPDATE CURRENT_TIMESTAMP,
  `updated_at` timestamp NOT NULL DEFAULT '0000-00-00 00:00:00'
) ENGINE=MyISAM DEFAULT CHARSET=latin1;

--
-- Dumping data for table `subscriptions`
--

INSERT INTO `subscriptions` (`id`, `title`, `description`, `price`, `image`, `distance`, `validity`, `created_at`, `updated_at`) VALUES
(6, '6 Months - Cost 4500', '6 months - The Invincible offer! For 6 Months appear on the top listing in your Specialty in location around you. Beat the competition and stay visible for a long period. Increase your chances of getting noticed and grow your practice.', '4500', 'public/subscription/doctor-clinic-illustration_1270-69.jpg', '50', '180', '2021-11-18 17:59:01', '0000-00-00 00:00:00'),
(7, '1 Month - Cost 1500', '1 months - Silver package! For a Month appear on the top listing in your Specialty in location around you. Increase your chances of getting noticed and grow your practice. Good for short term promotions in your Clinic.', '1500', 'public/subscription/images.jpeg', '10', '30', '2020-11-18 14:20:43', '0000-00-00 00:00:00'),
(8, '3 Months - Cost 2500', '3 months - Golden offer! For 3 Months appear on the top listing in your Specialty in location around you. Increase your chances of getting noticed and grow your practice. Best offer for a stable duration.', '2500', 'public/subscription/Doctor+and+child_mid.jpg', '20', '90', '2020-11-18 17:14:02', '0000-00-00 00:00:00');

-- --------------------------------------------------------

--
-- Table structure for table `tokens`
--

CREATE TABLE `tokens` (
  `id` int(11) NOT NULL,
  `user_id` varchar(250) NOT NULL,
  `token` varchar(250) NOT NULL,
  `deviceType` enum('ios','android','website') NOT NULL DEFAULT 'android',
  `deviceToken` varchar(250) NOT NULL DEFAULT '''''',
  `created_at` timestamp NOT NULL DEFAULT CURRENT_TIMESTAMP ON UPDATE CURRENT_TIMESTAMP,
  `updated_at` timestamp NOT NULL DEFAULT '0000-00-00 00:00:00'
) ENGINE=InnoDB DEFAULT CHARSET=latin1;

--
-- Dumping data for table `tokens`
--

INSERT INTO `tokens` (`id`, `user_id`, `token`, `deviceType`, `deviceToken`, `created_at`, `updated_at`) VALUES
(2, '3', 'fbvEUgdQoiDlWs4mtwGCQP9TX', 'website', '132.148.157.197', '2018-10-26 10:19:54', '2018-10-26 17:19:54'),
(3, '4', 'uI1ZPlgFh9JeYd1WmLhjefEyv', 'website', '166.62.27.189', '2018-09-07 14:22:55', '2018-09-07 21:22:55'),
(8, '22', '22DfdynJQEBuHeqJ9nFhLgqy8', 'website', '132.148.157.197', '2018-11-19 12:21:47', '2018-11-19 19:21:47'),
(9, '23', 'CCcGWePW9A618uYpsJhwL8K5q', 'android', 'fOO6C8Nu77Q:APA91bHcA7tcCt0Ty4Oq-IfBzMlbyA49mw0CcZ1u-d37WSzx-0nvTGuZoyb3W61jVDIUpOy_8Uqlxjr-y_Rm1Nv_U8YOOsOOK6XAUqh1ahEfKWqs0WjteBKpgl62yb0L-Z6jaMYS-LKo', '2018-11-27 09:17:51', '2018-11-27 16:17:51'),
(10, '26', 'KciPc3EPrwBE0XmzcFoGSCDab', 'website', '166.62.27.189', '2018-09-11 18:25:32', '2018-09-11 18:25:32'),
(11, '27', 'mfqKJDZzQpfPOZy0B6kcTBuHy', 'android', 'cOwuGhcFPxg:APA91bEvGjanph-tGwAwyY2fONYpcQRgfBEpJPDwA-kTELqvaYFDVDbcwLIBCM6uyx67fz_dKCOP4sgSmlo1irdEMjev74PkhHWv1Qeh0grikB-O1_1TtT4jk3LQvYVjNOeAsw3vtV8k', '2018-09-18 05:36:19', '2018-09-18 12:36:19'),
(12, '27', 'mfqKJDZzQpfPOZy0B6kcTBuHy', 'android', 'cOwuGhcFPxg:APA91bEvGjanph-tGwAwyY2fONYpcQRgfBEpJPDwA-kTELqvaYFDVDbcwLIBCM6uyx67fz_dKCOP4sgSmlo1irdEMjev74PkhHWv1Qeh0grikB-O1_1TtT4jk3LQvYVjNOeAsw3vtV8k', '2018-09-18 05:36:19', '2018-09-18 12:36:19'),
(13, '28', 'Zw4Gb5ghvW8ybh1Gnv8YuByi1', 'android', 'ehI-NWsb--U:APA91bFm0jrumiFH1md4dhXAJANDnYBYdQACvgpe-pcnI-yHJRDiWIKCg0z_2few_EsZUoxiI4FlsvBnjxJEf4nwaCsqs-QU59FAT609hknNT74Lbu1tBgdiQw1Te62wuYhR7x7UisFC', '2018-09-18 13:40:11', '2018-09-18 13:40:11'),
(14, '29', 'p5i1Sc83akZWf47qI5kT5Dzhg', 'android', 'fYDxs8djEbM:APA91bEBt96_DsRPf9mrWvSUonyL6JNe9qwQ0iB5hGS6pRsHs6Or4n34grEgR-yb9mo0Ylfr5xTivd9LMFSCr8_tkw6ft7fRYPxlsviHVgASSJpgEHvFXSPDdqNPhvSYvs2X1PQJ-kmy', '2018-09-26 08:49:40', '2018-09-26 15:49:40'),
(15, '30', 'ALP3GyfwBXnbTQyQqdep9h7MF', 'android', 'fYDxs8djEbM:APA91bEBt96_DsRPf9mrWvSUonyL6JNe9qwQ0iB5hGS6pRsHs6Or4n34grEgR-yb9mo0Ylfr5xTivd9LMFSCr8_tkw6ft7fRYPxlsviHVgASSJpgEHvFXSPDdqNPhvSYvs2X1PQJ-kmy', '2018-09-26 15:53:00', '2018-09-26 15:53:00'),
(16, '31', 'LHxYVI9U2ZbQJ6IZDxV86bMQ7', 'android', 'fYDxs8djEbM:APA91bEBt96_DsRPf9mrWvSUonyL6JNe9qwQ0iB5hGS6pRsHs6Or4n34grEgR-yb9mo0Ylfr5xTivd9LMFSCr8_tkw6ft7fRYPxlsviHVgASSJpgEHvFXSPDdqNPhvSYvs2X1PQJ-kmy', '2018-09-26 16:08:13', '2018-09-26 16:08:13'),
(17, '32', '4naGW3HcYPawDOMwpG1Lv8H2K', 'android', 'fQJjXGfi8SU:APA91bHww5QC2F5wM-GlHI7Zv0eoSXzxx0UrYbQdfsta67eA44EYQ-bAE0NVwcbmPumHzn100nTaJ6c8C3-mj1oBluVEcon71_HyB7ld5Qe0PG2Rwh8ntrMdVdNSRdJzwSbCnNtbDhX1', '2018-09-28 12:57:22', '2018-09-28 12:57:22'),
(18, '33', 'lbCswD5j3LTbI08jlh12GssYO', 'website', '132.148.157.197', '2018-10-12 12:26:46', '2018-10-12 19:26:46'),
(19, '34', 'uaWMQ1i4KcOPCWpaL3NB82TwC', 'ios', 'C78EBB666CC9E581868F3BEB459C1BFBFDAFF2B695D44F177104BBFA8789E51D', '2018-10-18 11:55:57', '2018-10-18 18:55:57'),
(20, '35', 'qpR31yYBHdxY3vcaayqa3dddU', 'ios', '04DCE79696B6CAC38D230612BB0FBCB87B4F819E0C1CB80EAC1235B7F4A967D9', '2018-10-17 16:31:30', '2018-10-17 16:31:30'),
(21, '36', 'psoDyl9PUcjjhX0vxQ6fuuerc', 'website', '132.148.157.197', '2018-10-17 10:54:26', '2018-10-17 17:54:26'),
(22, '37', 'De0msPpF454havdwql4x1iQfQ', 'website', '132.148.157.197', '2018-10-17 17:54:32', '2018-10-17 17:54:32'),
(23, '38', '2Mu0bC5uJ5gxyQm3xR9O66aOQ', 'website', '132.148.157.197', '2018-10-31 09:32:03', '2018-10-31 16:32:03'),
(24, '39', 'y0hyLhrkaCygaiCGqtFPMi0mQ', 'ios', '1FED120F65DB841871D9D44C2EC59EE194DAC4A739987B01C621493E1FED0D42', '2018-10-23 16:59:10', '2018-10-23 16:59:10'),
(25, '40', 'TfWEQmZJ5NkwS4Y9WuK5JrWca', 'ios', '97B2E390F709C818B78AFF31714AD4537C725EB3146AC73F9B01C68788C7AE49', '2018-11-29 06:13:50', '2018-11-29 13:13:50'),
(26, '41', 'zgrdF5Q1FoQgYNK7MAl3EKmS9', 'ios', '7026EDBBD99DBCAD0A64E95DE86FABF4046287589B205B94595DB4C7844823A4', '2018-11-26 10:24:56', '2018-11-26 17:24:56'),
(27, '42', '60kQCzYx4Kly15R1FqC5W1sZ1', 'ios', '101FA64019A34DA55516017209A04BEAF405CD5528A1AF8EF0921C18EC247CAB', '2018-10-25 06:35:40', '2018-10-25 13:35:40'),
(28, '43', '2P8ZeisbEGn1p4I1rcuoFacML', 'website', '132.148.157.197', '2018-11-01 13:39:10', '2018-11-01 13:39:10'),
(29, '44', 'mX0iqm45IssO4zdDZoay4pYbt', 'website', '132.148.157.197', '2018-11-03 15:24:55', '2018-11-03 15:24:55'),
(30, '45', 'AuBzD7RQxj2NNMZDEJUuJe856', 'website', '132.148.157.197', '2018-11-13 16:30:47', '2018-11-13 16:30:47'),
(31, '46', 'hYqSU0EaNXPBpg8kbDQxAkLIB', 'android', 'e4rJkyEMnHc:APA91bHZmoU9A4YFRBF4jrmA0YV8qFcxPHwvAU36nTAp_eGyiyLLDSqAPL4Ad3-kchyQLiGnXuga0Sda8aMA7ZCP5oXWTxkB1ihqODo0L8xQeYzmVPU0BAPn7d5384zypvJieDzvab1g', '2018-11-21 18:18:43', '2018-11-21 18:18:43'),
(32, '47', 'vJpq4ef9RGBL5LpxTt6e9gXO0', 'ios', '823A2489404ED27A23D688167D9675AFB422376422B60A2B87C1F6B3BE2C3E15', '2018-11-22 15:12:09', '2018-11-22 15:12:09'),
(33, '48', 'E2Bg8HPiQlyfxcICqnWVHZHTN', 'android', 'cwMTRz31XZE:APA91bHsPTNZ_OCdfTy8ZrNzVX0dKY2cTbGk3p8755UKK0iMrzXrW_CcjnwJz0lkkYdzicZI0RIPUiKZa-u8bgOlEjoFLtQJpLSyhxzv1pfWmUmbD001sgOKWzhE24p33m0UIk80dNhR', '2018-11-23 09:38:06', '2018-11-23 16:38:06'),
(34, '49', 'JIMI5IWfD3hTvYJBPd3sfMz96', 'android', 'dSL1vJ26Eq0:APA91bGJQxrCzGcAgeXP1aN-xK-gUHAiYt9kdQDJ058JOK0dPCKO41h4N0kTYdYsrZWAJHt7q2bqvv87SGzJ5oHxbw__hnPvGjtT1ebHUEAY9eLO2LCMZ9H5uxuFGmcSN79jYLZUoQeGKs6e6ltvwiSqjzyHOGnc7g', '2018-11-27 06:48:48', '2018-11-27 13:48:48'),
(35, '50', 'jLqVIdkz8vz5JrGiI1GPLLDgg', 'android', 'dSL1vJ26Eq0:APA91bGJQxrCzGcAgeXP1aN-xK-gUHAiYt9kdQDJ058JOK0dPCKO41h4N0kTYdYsrZWAJHt7q2bqvv87SGzJ5oHxbw__hnPvGjtT1ebHUEAY9eLO2LCMZ9H5uxuFGmcSN79jYLZUoQeGKs6e6ltvwiSqjzyHOGnc7g', '2018-11-27 13:52:35', '2018-11-27 13:52:35'),
(36, '51', 'eik4Esz7OD5p3VtXdOi6Kkahg', 'ios', '97B2E390F709C818B78AFF31714AD4537C725EB3146AC73F9B01C68788C7AE49', '2018-11-29 06:20:49', '2018-11-29 13:20:49');

-- --------------------------------------------------------

--
-- Table structure for table `totalmessages`
--

CREATE TABLE `totalmessages` (
  `identifier` varchar(250) NOT NULL,
  `total_messages` varchar(250) NOT NULL,
  `created_at` timestamp NOT NULL DEFAULT CURRENT_TIMESTAMP ON UPDATE CURRENT_TIMESTAMP,
  `updated_at` timestamp NOT NULL DEFAULT '0000-00-00 00:00:00'
) ENGINE=MyISAM DEFAULT CHARSET=latin1;

-- --------------------------------------------------------

--
-- Table structure for table `users`
--

CREATE TABLE `users` (
  `id` int(10) UNSIGNED NOT NULL,
  `fullname` varchar(255) COLLATE utf8mb4_unicode_ci NOT NULL,
  `phone` varchar(500) COLLATE utf8mb4_unicode_ci DEFAULT NULL,
  `country_code` varchar(250) COLLATE utf8mb4_unicode_ci DEFAULT '789',
  `image` varchar(500) COLLATE utf8mb4_unicode_ci DEFAULT NULL,
  `is_admin` enum('0','1') COLLATE utf8mb4_unicode_ci NOT NULL DEFAULT '0',
  `email` varchar(255) COLLATE utf8mb4_unicode_ci NOT NULL DEFAULT '''''',
  `password` varchar(255) COLLATE utf8mb4_unicode_ci NOT NULL,
  `city_id` varchar(250) COLLATE utf8mb4_unicode_ci NOT NULL DEFAULT '',
  `confirmpassword` varchar(250) COLLATE utf8mb4_unicode_ci DEFAULT '',
  `admin_status` varchar(250) COLLATE utf8mb4_unicode_ci NOT NULL DEFAULT '1',
  `notification_flag` varchar(250) COLLATE utf8mb4_unicode_ci NOT NULL DEFAULT '1',
  `remember_token` varchar(100) COLLATE utf8mb4_unicode_ci DEFAULT NULL,
  `created_at` timestamp NULL DEFAULT NULL,
  `updated_at` timestamp NULL DEFAULT NULL
) ENGINE=InnoDB DEFAULT CHARSET=utf8mb4 COLLATE=utf8mb4_unicode_ci;

--
-- Dumping data for table `users`
--

INSERT INTO `users` (`id`, `fullname`, `phone`, `country_code`, `image`, `is_admin`, `email`, `password`, `city_id`, `confirmpassword`, `admin_status`, `notification_flag`, `remember_token`, `created_at`, `updated_at`) VALUES
(1, 'Admin', '9650692854', '789', 'stock-photo-friendly-male-doctor-at-the-gym-smiling-108451796.jpg', '1', 'admin@admin.com', '123456', '', '123456', '1', '1', NULL, NULL, NULL),
(3, 'Ajeet Yadav', '559355171', '789', NULL, '0', 'jeetay.yadav284@gmail.com', 'ajeet2191', '2', '', '1', '1', NULL, '2018-09-07 20:44:49', '2018-09-07 20:44:49'),
(22, 'dsp', '557125874', '789', 'userimage/26c07edcdf2e14408bbbd687b6eee13c8557.jpg', '0', 'dsp@gmail.com', 'qwerty', '6', '', '1', '1', NULL, '2018-09-11 16:32:09', '2018-10-05 19:33:28'),
(23, 'rajeev', '552696969', '+971', 'userimage/4267ef26f1390f1b83f2d2cef7efec2f9590.jpg', '0', 'rajeev@gmail.com', 'qwerty', '6', '', '1', '1', NULL, '2018-09-11 16:33:33', '2018-11-21 19:15:25'),
(26, 'rahul', '0565480706', '789', NULL, '0', 'rahuk.kr.pareek@gmail.com', '123456', '', '', '1', '1', NULL, '2018-09-11 18:25:32', '2018-09-11 18:25:32'),
(28, 'slim shady', '553693694', '+971', NULL, '0', 'shady@gmail.com', 'qwerty', '3', '', '1', '1', NULL, '2018-09-18 13:40:11', '2018-09-18 13:51:47'),
(29, 'user mob', '552369874', '+971', NULL, '0', 'mobulous2@gmail.com', 'qwerty', '1', '', '1', '1', NULL, '2018-09-26 14:33:20', '2018-09-26 15:50:01'),
(30, 'mobulous tfe', '556939638', '+971', NULL, '0', 'mobulous3@gmail.com', 'qwerty', '1', '', '1', '1', NULL, '2018-09-26 15:53:00', '2018-09-26 16:05:11'),
(31, 'moby', '552369856', '+971', 'userimage/7ef41aa1b669ec41a93b85027708a7d67832.jpg', '0', 'mobulous258@gmail.com', 'qwerty', '6', '', '1', '1', NULL, '2018-09-26 16:08:13', '2018-09-26 16:08:45'),
(32, 'manik 28th oct', '559632587', '+971', NULL, '0', 'manik.garg@mobulous.com', '123456', '1', '', '1', '1', NULL, '2018-09-28 12:57:22', '2018-09-28 12:57:31'),
(33, 'masawwar ali', '00 971 9 856 3255', '789', NULL, '0', 'test10oct@gmail.com', 'qwerty', '', '', '1', '1', NULL, '2018-10-11 20:19:33', '2018-10-12 19:27:15'),
(34, 'ggg', '551236985', '789', 'userimage/6198ca820b7daa62980a13d60fc62bed7588.jpg', '0', 'p@gmail.com', 'qwerty', '5', '', '1', '1', NULL, '2018-10-12 15:27:49', '2018-10-16 13:38:02'),
(35, 'fdf', '551470258', '789', NULL, '0', 'gcgd@gmail.com', 'qwerty', '5', '', '1', '1', NULL, '2018-10-17 16:31:30', '2018-10-17 16:31:33'),
(36, 'test1', '0559355172', '789', 'userimage/af09b8a3bf3cec984f2c6e0488f97d786175.jpg', '0', 'test1.enest@gmail.com', '123456', '', '', '1', '1', NULL, '2018-10-17 17:49:47', '2018-10-17 17:55:15'),
(37, 'kiran', '0559355173', '789', NULL, '0', 'drgarima19@rediffmail.com', '123456', '', '', '1', '1', NULL, '2018-10-17 17:54:32', '2018-10-17 17:54:32'),
(38, 'sonu', '042845722', '+971', NULL, '0', 'sglove1019@gmail.com', '123456', '1', '', '1', '1', NULL, '2018-10-20 13:21:55', '2018-10-20 13:22:16'),
(39, 'hhh', '551209635', '789', NULL, '0', 'ggggg@gmail.com', 'qwerty', '', '', '1', '1', NULL, '2018-10-23 16:59:10', '2018-10-23 16:59:10'),
(40, 'rounaque', '557585588', '+971', 'userimage/7150fa5921cc46e18f22983a67c693de3644.jpg', '0', 'rounaque221418@gmail.com', '467807', '4', '', '1', '1', NULL, '2018-10-24 19:35:48', '2018-11-29 13:11:37'),
(41, 'Nikhil', '551234567', '789', 'userimage/b756554595666e8379551a6eb57bbc613213.jpg', '0', 'chakravarti.singh@mobulous.com', '123456', '2', '', '1', '1', NULL, '2018-10-24 19:48:14', '2018-11-26 15:28:28'),
(42, 'garimakhandelwal', '0565072676', '789', NULL, '0', 'drgarima@drjoydentalclinic.com', '123456', '1', '', '1', '1', NULL, '2018-10-25 13:12:23', '2018-10-25 13:12:30'),
(43, 'like1', '042080809', '789', NULL, '0', 's.glove1019@gmail.com', '123456', '', '', '1', '1', NULL, '2018-11-01 13:39:10', '2018-11-01 13:39:10'),
(44, 'test1', '042845726', '789', NULL, '0', 'swe.etkiran@gmail.com', '123456', '', '', '1', '1', NULL, '2018-11-03 15:24:55', '2018-11-03 15:24:55'),
(45, 'abcde', '042845724', '789', NULL, '0', 'abcde@gmail.com', '123456', '', '', '1', '1', NULL, '2018-11-13 16:30:47', '2018-11-13 16:30:47'),
(46, 'Test User', '552696963', '+971', 'userimage/c4d2f5ddf3f54325a1c00cc9cd72cb452644.jpg', '0', 'testingmobu@gmail.com', '123123', '5', '', '1', '1', NULL, '2018-11-21 18:18:43', '2018-11-21 18:19:28'),
(47, 'test', '048807877', '789', NULL, '0', 'drgarima19@yahoo.com', '123456', '7', '', '1', '1', NULL, '2018-11-22 15:12:09', '2018-11-22 15:12:16'),
(48, 'Nikhil Ahluwalia', '123487878787848848484', '789', 'userimage/4fd34dcd9ad9bb30db09432d3d5c8c565357.jpg', '0', 'nikhil.ahluwalia@mobulous.com', '123456', '6', '', '1', '1', NULL, '2018-11-22 18:46:12', '2018-11-22 19:22:55'),
(50, 'afreen', '552525252', '+971', NULL, '0', 'ayushman.agarwal@mobulous.com', '123456', '', '', '1', '1', NULL, '2018-11-27 13:52:35', '2018-11-27 13:52:35'),
(51, 'rounaque', '552583521', '789', 'userimage/64cfd3b4cad7706de86a7e602861d49c3637.jpg', '0', 'namrata.jain@mobulous.com', 'qwerty', '1', '', '1', '1', NULL, '2018-11-28 12:34:05', '2018-11-28 15:55:29');

--
-- Indexes for dumped tables
--

--
-- Indexes for table `bookings`
--
ALTER TABLE `bookings`
  ADD PRIMARY KEY (`id`);

--
-- Indexes for table `cancellations`
--
ALTER TABLE `cancellations`
  ADD PRIMARY KEY (`id`);

--
-- Indexes for table `chats`
--
ALTER TABLE `chats`
  ADD PRIMARY KEY (`id`);

--
-- Indexes for table `cities`
--
ALTER TABLE `cities`
  ADD PRIMARY KEY (`id`);

--
-- Indexes for table `clinicplans`
--
ALTER TABLE `clinicplans`
  ADD PRIMARY KEY (`id`);

--
-- Indexes for table `clinics`
--
ALTER TABLE `clinics`
  ADD PRIMARY KEY (`id`);

--
-- Indexes for table `comments`
--
ALTER TABLE `comments`
  ADD PRIMARY KEY (`id`);

--
-- Indexes for table `doctorratings`
--
ALTER TABLE `doctorratings`
  ADD PRIMARY KEY (`id`);

--
-- Indexes for table `doctors`
--
ALTER TABLE `doctors`
  ADD PRIMARY KEY (`id`);

--
-- Indexes for table `dtokens`
--
ALTER TABLE `dtokens`
  ADD PRIMARY KEY (`id`);

--
-- Indexes for table `insurances`
--
ALTER TABLE `insurances`
  ADD PRIMARY KEY (`id`);

--
-- Indexes for table `likes`
--
ALTER TABLE `likes`
  ADD PRIMARY KEY (`id`);

--
-- Indexes for table `messages`
--
ALTER TABLE `messages`
  ADD PRIMARY KEY (`identifier_message_number`);

--
-- Indexes for table `migrations`
--
ALTER TABLE `migrations`
  ADD PRIMARY KEY (`id`);

--
-- Indexes for table `notifications`
--
ALTER TABLE `notifications`
  ADD PRIMARY KEY (`id`);

--
-- Indexes for table `otps`
--
ALTER TABLE `otps`
  ADD PRIMARY KEY (`id`);

--
-- Indexes for table `plans`
--
ALTER TABLE `plans`
  ADD PRIMARY KEY (`id`);

--
-- Indexes for table `posts`
--
ALTER TABLE `posts`
  ADD PRIMARY KEY (`id`);

--
-- Indexes for table `reasons`
--
ALTER TABLE `reasons`
  ADD PRIMARY KEY (`id`);

--
-- Indexes for table `rooms`
--
ALTER TABLE `rooms`
  ADD PRIMARY KEY (`id`);

--
-- Indexes for table `saveposts`
--
ALTER TABLE `saveposts`
  ADD PRIMARY KEY (`id`);

--
-- Indexes for table `specialties`
--
ALTER TABLE `specialties`
  ADD PRIMARY KEY (`id`);

--
-- Indexes for table `subscriptions`
--
ALTER TABLE `subscriptions`
  ADD PRIMARY KEY (`id`);

--
-- Indexes for table `tokens`
--
ALTER TABLE `tokens`
  ADD PRIMARY KEY (`id`);

--
-- Indexes for table `totalmessages`
--
ALTER TABLE `totalmessages`
  ADD PRIMARY KEY (`identifier`);

--
-- Indexes for table `users`
--
ALTER TABLE `users`
  ADD PRIMARY KEY (`id`);

--
-- AUTO_INCREMENT for dumped tables
--

--
-- AUTO_INCREMENT for table `bookings`
--
ALTER TABLE `bookings`
  MODIFY `id` int(11) NOT NULL AUTO_INCREMENT, AUTO_INCREMENT=84;

--
-- AUTO_INCREMENT for table `cancellations`
--
ALTER TABLE `cancellations`
  MODIFY `id` int(11) NOT NULL AUTO_INCREMENT, AUTO_INCREMENT=8;

--
-- AUTO_INCREMENT for table `chats`
--
ALTER TABLE `chats`
  MODIFY `id` int(11) NOT NULL AUTO_INCREMENT, AUTO_INCREMENT=471;

--
-- AUTO_INCREMENT for table `cities`
--
ALTER TABLE `cities`
  MODIFY `id` int(11) NOT NULL AUTO_INCREMENT, AUTO_INCREMENT=8;

--
-- AUTO_INCREMENT for table `clinicplans`
--
ALTER TABLE `clinicplans`
  MODIFY `id` int(11) NOT NULL AUTO_INCREMENT, AUTO_INCREMENT=9;

--
-- AUTO_INCREMENT for table `clinics`
--
ALTER TABLE `clinics`
  MODIFY `id` int(11) NOT NULL AUTO_INCREMENT, AUTO_INCREMENT=81;

--
-- AUTO_INCREMENT for table `comments`
--
ALTER TABLE `comments`
  MODIFY `id` int(11) NOT NULL AUTO_INCREMENT, AUTO_INCREMENT=66;

--
-- AUTO_INCREMENT for table `doctorratings`
--
ALTER TABLE `doctorratings`
  MODIFY `id` int(11) NOT NULL AUTO_INCREMENT, AUTO_INCREMENT=45;

--
-- AUTO_INCREMENT for table `doctors`
--
ALTER TABLE `doctors`
  MODIFY `id` int(11) NOT NULL AUTO_INCREMENT, AUTO_INCREMENT=125;

--
-- AUTO_INCREMENT for table `dtokens`
--
ALTER TABLE `dtokens`
  MODIFY `id` int(11) NOT NULL AUTO_INCREMENT, AUTO_INCREMENT=116;

--
-- AUTO_INCREMENT for table `insurances`
--
ALTER TABLE `insurances`
  MODIFY `id` int(11) NOT NULL AUTO_INCREMENT, AUTO_INCREMENT=77;

--
-- AUTO_INCREMENT for table `likes`
--
ALTER TABLE `likes`
  MODIFY `id` int(11) NOT NULL AUTO_INCREMENT, AUTO_INCREMENT=88;

--
-- AUTO_INCREMENT for table `migrations`
--
ALTER TABLE `migrations`
  MODIFY `id` int(10) UNSIGNED NOT NULL AUTO_INCREMENT;

--
-- AUTO_INCREMENT for table `notifications`
--
ALTER TABLE `notifications`
  MODIFY `id` int(11) NOT NULL AUTO_INCREMENT, AUTO_INCREMENT=27;

--
-- AUTO_INCREMENT for table `otps`
--
ALTER TABLE `otps`
  MODIFY `id` int(11) NOT NULL AUTO_INCREMENT, AUTO_INCREMENT=39;

--
-- AUTO_INCREMENT for table `plans`
--
ALTER TABLE `plans`
  MODIFY `id` int(11) NOT NULL AUTO_INCREMENT, AUTO_INCREMENT=11;

--
-- AUTO_INCREMENT for table `posts`
--
ALTER TABLE `posts`
  MODIFY `id` int(11) NOT NULL AUTO_INCREMENT, AUTO_INCREMENT=112;

--
-- AUTO_INCREMENT for table `reasons`
--
ALTER TABLE `reasons`
  MODIFY `id` int(11) NOT NULL AUTO_INCREMENT, AUTO_INCREMENT=13;

--
-- AUTO_INCREMENT for table `saveposts`
--
ALTER TABLE `saveposts`
  MODIFY `id` int(11) NOT NULL AUTO_INCREMENT, AUTO_INCREMENT=76;

--
-- AUTO_INCREMENT for table `specialties`
--
ALTER TABLE `specialties`
  MODIFY `id` int(11) NOT NULL AUTO_INCREMENT, AUTO_INCREMENT=115;

--
-- AUTO_INCREMENT for table `subscriptions`
--
ALTER TABLE `subscriptions`
  MODIFY `id` int(11) NOT NULL AUTO_INCREMENT, AUTO_INCREMENT=10;

--
-- AUTO_INCREMENT for table `tokens`
--
ALTER TABLE `tokens`
  MODIFY `id` int(11) NOT NULL AUTO_INCREMENT, AUTO_INCREMENT=37;

--
-- AUTO_INCREMENT for table `users`
--
ALTER TABLE `users`
  MODIFY `id` int(10) UNSIGNED NOT NULL AUTO_INCREMENT, AUTO_INCREMENT=52;
COMMIT;

/*!40101 SET CHARACTER_SET_CLIENT=@OLD_CHARACTER_SET_CLIENT */;
/*!40101 SET CHARACTER_SET_RESULTS=@OLD_CHARACTER_SET_RESULTS */;
/*!40101 SET COLLATION_CONNECTION=@OLD_COLLATION_CONNECTION */;
